ISO-10303-21;
HEADER;
/* Generated by software containing ST-Developer
 * from STEP Tools, Inc. (www.steptools.com) 
 */

FILE_DESCRIPTION(
/* description */ ('STEP AP242 Edition 2'),
/* implementation_level */ '2;1');

FILE_NAME(
/* name */ 'Reservoir Lid.step',
/* time_stamp */ '2026-04-02T20:43:05-07:00',
/* author */ (''),
/* organization */ (''),
/* preprocessor_version */ 'ST-DEVELOPER v20.1',
/* originating_system */ 'Autodesk Translation Framework v14.24.0.0',
/* authorisation */ '');

FILE_SCHEMA (('AUTOMOTIVE_DESIGN { 1 0 10303 214 3 1 1 }'));
ENDSEC;

DATA;
#10=MECHANICAL_DESIGN_GEOMETRIC_PRESENTATION_REPRESENTATION('',(#13),#2462);
#11=SHAPE_REPRESENTATION_RELATIONSHIP('SRR','None',#2472,#12);
#12=ADVANCED_BREP_SHAPE_REPRESENTATION('',(#14),#2461);
#13=STYLED_ITEM('',(#2481),#14);
#14=MANIFOLD_SOLID_BREP('Body4',#1462);
#15=FACE_BOUND('',#254,.T.);
#16=FACE_BOUND('',#255,.T.);
#17=FACE_BOUND('',#256,.T.);
#18=FACE_BOUND('',#257,.T.);
#19=FACE_BOUND('',#258,.T.);
#20=FACE_BOUND('',#259,.T.);
#21=FACE_BOUND('',#260,.T.);
#22=FACE_BOUND('',#261,.T.);
#23=FACE_BOUND('',#262,.T.);
#24=FACE_BOUND('',#263,.T.);
#25=FACE_BOUND('',#264,.T.);
#26=FACE_BOUND('',#265,.T.);
#27=FACE_BOUND('',#266,.T.);
#28=FACE_BOUND('',#267,.T.);
#29=FACE_BOUND('',#268,.T.);
#30=FACE_BOUND('',#269,.T.);
#31=FACE_BOUND('',#270,.T.);
#32=FACE_BOUND('',#271,.T.);
#33=FACE_BOUND('',#272,.T.);
#34=FACE_BOUND('',#273,.T.);
#35=FACE_BOUND('',#274,.T.);
#36=FACE_BOUND('',#275,.T.);
#37=FACE_BOUND('',#276,.T.);
#38=FACE_BOUND('',#277,.T.);
#39=FACE_BOUND('',#278,.T.);
#40=FACE_BOUND('',#279,.T.);
#41=FACE_BOUND('',#280,.T.);
#42=FACE_BOUND('',#281,.T.);
#43=FACE_BOUND('',#282,.T.);
#44=FACE_BOUND('',#283,.T.);
#45=FACE_BOUND('',#284,.T.);
#46=FACE_BOUND('',#285,.T.);
#47=FACE_BOUND('',#286,.T.);
#48=FACE_BOUND('',#287,.T.);
#49=FACE_BOUND('',#288,.T.);
#50=FACE_BOUND('',#289,.T.);
#51=FACE_BOUND('',#290,.T.);
#52=FACE_BOUND('',#291,.T.);
#53=FACE_BOUND('',#292,.T.);
#54=FACE_BOUND('',#293,.T.);
#55=FACE_BOUND('',#294,.T.);
#56=FACE_BOUND('',#295,.T.);
#57=FACE_BOUND('',#296,.T.);
#58=FACE_BOUND('',#297,.T.);
#59=FACE_BOUND('',#298,.T.);
#60=FACE_BOUND('',#299,.T.);
#61=FACE_BOUND('',#300,.T.);
#62=FACE_BOUND('',#301,.T.);
#63=FACE_BOUND('',#302,.T.);
#64=FACE_BOUND('',#303,.T.);
#65=FACE_BOUND('',#314,.T.);
#66=FACE_BOUND('',#316,.T.);
#67=FACE_BOUND('',#317,.T.);
#68=FACE_BOUND('',#318,.T.);
#69=FACE_BOUND('',#319,.T.);
#70=FACE_BOUND('',#320,.T.);
#71=FACE_BOUND('',#321,.T.);
#72=FACE_BOUND('',#322,.T.);
#73=FACE_BOUND('',#323,.T.);
#74=FACE_BOUND('',#324,.T.);
#75=FACE_BOUND('',#325,.T.);
#76=FACE_BOUND('',#326,.T.);
#77=FACE_BOUND('',#327,.T.);
#78=FACE_BOUND('',#328,.T.);
#79=FACE_BOUND('',#329,.T.);
#80=FACE_BOUND('',#330,.T.);
#81=FACE_BOUND('',#331,.T.);
#82=FACE_BOUND('',#332,.T.);
#83=FACE_BOUND('',#333,.T.);
#84=FACE_BOUND('',#334,.T.);
#85=FACE_BOUND('',#335,.T.);
#86=FACE_BOUND('',#336,.T.);
#87=FACE_BOUND('',#337,.T.);
#88=FACE_BOUND('',#338,.T.);
#89=FACE_BOUND('',#339,.T.);
#90=FACE_BOUND('',#340,.T.);
#91=FACE_BOUND('',#341,.T.);
#92=FACE_BOUND('',#342,.T.);
#93=FACE_BOUND('',#343,.T.);
#94=FACE_BOUND('',#344,.T.);
#95=FACE_BOUND('',#345,.T.);
#96=FACE_BOUND('',#346,.T.);
#97=FACE_BOUND('',#347,.T.);
#98=FACE_BOUND('',#348,.T.);
#99=FACE_BOUND('',#349,.T.);
#100=FACE_BOUND('',#350,.T.);
#101=FACE_BOUND('',#351,.T.);
#102=FACE_BOUND('',#352,.T.);
#103=FACE_BOUND('',#353,.T.);
#104=FACE_BOUND('',#354,.T.);
#105=FACE_BOUND('',#355,.T.);
#106=FACE_BOUND('',#356,.T.);
#107=FACE_BOUND('',#357,.T.);
#108=FACE_BOUND('',#358,.T.);
#109=FACE_BOUND('',#359,.T.);
#110=FACE_BOUND('',#360,.T.);
#111=FACE_BOUND('',#361,.T.);
#112=FACE_BOUND('',#362,.T.);
#113=FACE_BOUND('',#363,.T.);
#114=FACE_BOUND('',#364,.T.);
#115=FACE_BOUND('',#365,.T.);
#116=FACE_BOUND('',#371,.T.);
#117=FACE_BOUND('',#373,.T.);
#118=PLANE('',#1626);
#119=PLANE('',#1630);
#120=PLANE('',#1631);
#121=PLANE('',#1632);
#122=PLANE('',#1633);
#123=PLANE('',#1634);
#124=PLANE('',#1635);
#125=PLANE('',#1636);
#126=PLANE('',#1637);
#127=PLANE('',#1638);
#128=PLANE('',#1639);
#129=PLANE('',#1640);
#130=PLANE('',#1641);
#131=PLANE('',#1642);
#132=PLANE('',#1643);
#133=PLANE('',#1644);
#134=PLANE('',#1645);
#135=FACE_OUTER_BOUND('',#203,.T.);
#136=FACE_OUTER_BOUND('',#204,.T.);
#137=FACE_OUTER_BOUND('',#205,.T.);
#138=FACE_OUTER_BOUND('',#206,.T.);
#139=FACE_OUTER_BOUND('',#207,.T.);
#140=FACE_OUTER_BOUND('',#208,.T.);
#141=FACE_OUTER_BOUND('',#209,.T.);
#142=FACE_OUTER_BOUND('',#210,.T.);
#143=FACE_OUTER_BOUND('',#211,.T.);
#144=FACE_OUTER_BOUND('',#212,.T.);
#145=FACE_OUTER_BOUND('',#213,.T.);
#146=FACE_OUTER_BOUND('',#214,.T.);
#147=FACE_OUTER_BOUND('',#215,.T.);
#148=FACE_OUTER_BOUND('',#216,.T.);
#149=FACE_OUTER_BOUND('',#217,.T.);
#150=FACE_OUTER_BOUND('',#218,.T.);
#151=FACE_OUTER_BOUND('',#219,.T.);
#152=FACE_OUTER_BOUND('',#220,.T.);
#153=FACE_OUTER_BOUND('',#221,.T.);
#154=FACE_OUTER_BOUND('',#222,.T.);
#155=FACE_OUTER_BOUND('',#223,.T.);
#156=FACE_OUTER_BOUND('',#224,.T.);
#157=FACE_OUTER_BOUND('',#225,.T.);
#158=FACE_OUTER_BOUND('',#226,.T.);
#159=FACE_OUTER_BOUND('',#227,.T.);
#160=FACE_OUTER_BOUND('',#228,.T.);
#161=FACE_OUTER_BOUND('',#229,.T.);
#162=FACE_OUTER_BOUND('',#230,.T.);
#163=FACE_OUTER_BOUND('',#231,.T.);
#164=FACE_OUTER_BOUND('',#232,.T.);
#165=FACE_OUTER_BOUND('',#233,.T.);
#166=FACE_OUTER_BOUND('',#234,.T.);
#167=FACE_OUTER_BOUND('',#235,.T.);
#168=FACE_OUTER_BOUND('',#236,.T.);
#169=FACE_OUTER_BOUND('',#237,.T.);
#170=FACE_OUTER_BOUND('',#238,.T.);
#171=FACE_OUTER_BOUND('',#239,.T.);
#172=FACE_OUTER_BOUND('',#240,.T.);
#173=FACE_OUTER_BOUND('',#241,.T.);
#174=FACE_OUTER_BOUND('',#242,.T.);
#175=FACE_OUTER_BOUND('',#243,.T.);
#176=FACE_OUTER_BOUND('',#244,.T.);
#177=FACE_OUTER_BOUND('',#245,.T.);
#178=FACE_OUTER_BOUND('',#246,.T.);
#179=FACE_OUTER_BOUND('',#247,.T.);
#180=FACE_OUTER_BOUND('',#248,.T.);
#181=FACE_OUTER_BOUND('',#249,.T.);
#182=FACE_OUTER_BOUND('',#250,.T.);
#183=FACE_OUTER_BOUND('',#251,.T.);
#184=FACE_OUTER_BOUND('',#252,.T.);
#185=FACE_OUTER_BOUND('',#253,.T.);
#186=FACE_OUTER_BOUND('',#304,.T.);
#187=FACE_OUTER_BOUND('',#305,.T.);
#188=FACE_OUTER_BOUND('',#306,.T.);
#189=FACE_OUTER_BOUND('',#307,.T.);
#190=FACE_OUTER_BOUND('',#308,.T.);
#191=FACE_OUTER_BOUND('',#309,.T.);
#192=FACE_OUTER_BOUND('',#310,.T.);
#193=FACE_OUTER_BOUND('',#311,.T.);
#194=FACE_OUTER_BOUND('',#312,.T.);
#195=FACE_OUTER_BOUND('',#313,.T.);
#196=FACE_OUTER_BOUND('',#315,.T.);
#197=FACE_OUTER_BOUND('',#366,.T.);
#198=FACE_OUTER_BOUND('',#367,.T.);
#199=FACE_OUTER_BOUND('',#368,.T.);
#200=FACE_OUTER_BOUND('',#369,.T.);
#201=FACE_OUTER_BOUND('',#370,.T.);
#202=FACE_OUTER_BOUND('',#372,.T.);
#203=EDGE_LOOP('',(#965,#966,#967,#968));
#204=EDGE_LOOP('',(#969,#970,#971,#972));
#205=EDGE_LOOP('',(#973,#974,#975,#976));
#206=EDGE_LOOP('',(#977,#978,#979,#980));
#207=EDGE_LOOP('',(#981,#982,#983,#984));
#208=EDGE_LOOP('',(#985,#986,#987,#988));
#209=EDGE_LOOP('',(#989,#990,#991,#992));
#210=EDGE_LOOP('',(#993,#994,#995,#996));
#211=EDGE_LOOP('',(#997,#998,#999,#1000));
#212=EDGE_LOOP('',(#1001,#1002,#1003,#1004));
#213=EDGE_LOOP('',(#1005,#1006,#1007,#1008));
#214=EDGE_LOOP('',(#1009,#1010,#1011,#1012));
#215=EDGE_LOOP('',(#1013,#1014,#1015,#1016));
#216=EDGE_LOOP('',(#1017,#1018,#1019,#1020));
#217=EDGE_LOOP('',(#1021,#1022,#1023,#1024));
#218=EDGE_LOOP('',(#1025,#1026,#1027,#1028));
#219=EDGE_LOOP('',(#1029,#1030,#1031,#1032));
#220=EDGE_LOOP('',(#1033,#1034,#1035,#1036));
#221=EDGE_LOOP('',(#1037,#1038,#1039,#1040));
#222=EDGE_LOOP('',(#1041,#1042,#1043,#1044));
#223=EDGE_LOOP('',(#1045,#1046,#1047,#1048));
#224=EDGE_LOOP('',(#1049,#1050,#1051,#1052));
#225=EDGE_LOOP('',(#1053,#1054,#1055,#1056));
#226=EDGE_LOOP('',(#1057,#1058,#1059,#1060));
#227=EDGE_LOOP('',(#1061,#1062,#1063,#1064));
#228=EDGE_LOOP('',(#1065,#1066,#1067,#1068));
#229=EDGE_LOOP('',(#1069,#1070,#1071,#1072));
#230=EDGE_LOOP('',(#1073,#1074,#1075,#1076));
#231=EDGE_LOOP('',(#1077,#1078,#1079,#1080));
#232=EDGE_LOOP('',(#1081,#1082,#1083,#1084));
#233=EDGE_LOOP('',(#1085,#1086,#1087,#1088));
#234=EDGE_LOOP('',(#1089,#1090,#1091,#1092));
#235=EDGE_LOOP('',(#1093,#1094,#1095,#1096));
#236=EDGE_LOOP('',(#1097,#1098,#1099,#1100));
#237=EDGE_LOOP('',(#1101,#1102,#1103,#1104));
#238=EDGE_LOOP('',(#1105,#1106,#1107,#1108));
#239=EDGE_LOOP('',(#1109,#1110,#1111,#1112));
#240=EDGE_LOOP('',(#1113,#1114,#1115,#1116));
#241=EDGE_LOOP('',(#1117,#1118,#1119,#1120));
#242=EDGE_LOOP('',(#1121,#1122,#1123,#1124));
#243=EDGE_LOOP('',(#1125,#1126,#1127,#1128));
#244=EDGE_LOOP('',(#1129,#1130,#1131,#1132));
#245=EDGE_LOOP('',(#1133,#1134,#1135,#1136));
#246=EDGE_LOOP('',(#1137,#1138,#1139,#1140));
#247=EDGE_LOOP('',(#1141,#1142,#1143,#1144));
#248=EDGE_LOOP('',(#1145,#1146,#1147,#1148));
#249=EDGE_LOOP('',(#1149,#1150,#1151,#1152));
#250=EDGE_LOOP('',(#1153,#1154,#1155,#1156));
#251=EDGE_LOOP('',(#1157,#1158,#1159,#1160));
#252=EDGE_LOOP('',(#1161,#1162,#1163,#1164));
#253=EDGE_LOOP('',(#1165));
#254=EDGE_LOOP('',(#1166));
#255=EDGE_LOOP('',(#1167));
#256=EDGE_LOOP('',(#1168));
#257=EDGE_LOOP('',(#1169));
#258=EDGE_LOOP('',(#1170));
#259=EDGE_LOOP('',(#1171));
#260=EDGE_LOOP('',(#1172));
#261=EDGE_LOOP('',(#1173));
#262=EDGE_LOOP('',(#1174));
#263=EDGE_LOOP('',(#1175));
#264=EDGE_LOOP('',(#1176));
#265=EDGE_LOOP('',(#1177));
#266=EDGE_LOOP('',(#1178));
#267=EDGE_LOOP('',(#1179));
#268=EDGE_LOOP('',(#1180));
#269=EDGE_LOOP('',(#1181));
#270=EDGE_LOOP('',(#1182));
#271=EDGE_LOOP('',(#1183));
#272=EDGE_LOOP('',(#1184));
#273=EDGE_LOOP('',(#1185));
#274=EDGE_LOOP('',(#1186));
#275=EDGE_LOOP('',(#1187));
#276=EDGE_LOOP('',(#1188));
#277=EDGE_LOOP('',(#1189));
#278=EDGE_LOOP('',(#1190));
#279=EDGE_LOOP('',(#1191));
#280=EDGE_LOOP('',(#1192));
#281=EDGE_LOOP('',(#1193));
#282=EDGE_LOOP('',(#1194));
#283=EDGE_LOOP('',(#1195));
#284=EDGE_LOOP('',(#1196));
#285=EDGE_LOOP('',(#1197));
#286=EDGE_LOOP('',(#1198));
#287=EDGE_LOOP('',(#1199));
#288=EDGE_LOOP('',(#1200));
#289=EDGE_LOOP('',(#1201));
#290=EDGE_LOOP('',(#1202));
#291=EDGE_LOOP('',(#1203));
#292=EDGE_LOOP('',(#1204));
#293=EDGE_LOOP('',(#1205));
#294=EDGE_LOOP('',(#1206));
#295=EDGE_LOOP('',(#1207));
#296=EDGE_LOOP('',(#1208));
#297=EDGE_LOOP('',(#1209));
#298=EDGE_LOOP('',(#1210));
#299=EDGE_LOOP('',(#1211));
#300=EDGE_LOOP('',(#1212));
#301=EDGE_LOOP('',(#1213));
#302=EDGE_LOOP('',(#1214));
#303=EDGE_LOOP('',(#1215));
#304=EDGE_LOOP('',(#1216,#1217,#1218,#1219));
#305=EDGE_LOOP('',(#1220,#1221,#1222,#1223));
#306=EDGE_LOOP('',(#1224,#1225,#1226,#1227));
#307=EDGE_LOOP('',(#1228,#1229,#1230,#1231));
#308=EDGE_LOOP('',(#1232,#1233,#1234,#1235));
#309=EDGE_LOOP('',(#1236,#1237,#1238,#1239));
#310=EDGE_LOOP('',(#1240,#1241,#1242,#1243));
#311=EDGE_LOOP('',(#1244,#1245,#1246,#1247));
#312=EDGE_LOOP('',(#1248,#1249,#1250,#1251));
#313=EDGE_LOOP('',(#1252,#1253,#1254,#1255));
#314=EDGE_LOOP('',(#1256,#1257,#1258,#1259));
#315=EDGE_LOOP('',(#1260,#1261,#1262,#1263));
#316=EDGE_LOOP('',(#1264));
#317=EDGE_LOOP('',(#1265));
#318=EDGE_LOOP('',(#1266));
#319=EDGE_LOOP('',(#1267));
#320=EDGE_LOOP('',(#1268));
#321=EDGE_LOOP('',(#1269));
#322=EDGE_LOOP('',(#1270));
#323=EDGE_LOOP('',(#1271));
#324=EDGE_LOOP('',(#1272));
#325=EDGE_LOOP('',(#1273));
#326=EDGE_LOOP('',(#1274));
#327=EDGE_LOOP('',(#1275));
#328=EDGE_LOOP('',(#1276));
#329=EDGE_LOOP('',(#1277));
#330=EDGE_LOOP('',(#1278));
#331=EDGE_LOOP('',(#1279));
#332=EDGE_LOOP('',(#1280));
#333=EDGE_LOOP('',(#1281));
#334=EDGE_LOOP('',(#1282));
#335=EDGE_LOOP('',(#1283));
#336=EDGE_LOOP('',(#1284));
#337=EDGE_LOOP('',(#1285));
#338=EDGE_LOOP('',(#1286));
#339=EDGE_LOOP('',(#1287));
#340=EDGE_LOOP('',(#1288));
#341=EDGE_LOOP('',(#1289));
#342=EDGE_LOOP('',(#1290));
#343=EDGE_LOOP('',(#1291));
#344=EDGE_LOOP('',(#1292));
#345=EDGE_LOOP('',(#1293));
#346=EDGE_LOOP('',(#1294));
#347=EDGE_LOOP('',(#1295));
#348=EDGE_LOOP('',(#1296));
#349=EDGE_LOOP('',(#1297));
#350=EDGE_LOOP('',(#1298));
#351=EDGE_LOOP('',(#1299));
#352=EDGE_LOOP('',(#1300));
#353=EDGE_LOOP('',(#1301));
#354=EDGE_LOOP('',(#1302));
#355=EDGE_LOOP('',(#1303));
#356=EDGE_LOOP('',(#1304));
#357=EDGE_LOOP('',(#1305));
#358=EDGE_LOOP('',(#1306));
#359=EDGE_LOOP('',(#1307));
#360=EDGE_LOOP('',(#1308));
#361=EDGE_LOOP('',(#1309));
#362=EDGE_LOOP('',(#1310));
#363=EDGE_LOOP('',(#1311));
#364=EDGE_LOOP('',(#1312));
#365=EDGE_LOOP('',(#1313));
#366=EDGE_LOOP('',(#1314,#1315,#1316,#1317));
#367=EDGE_LOOP('',(#1318,#1319,#1320,#1321));
#368=EDGE_LOOP('',(#1322,#1323,#1324,#1325));
#369=EDGE_LOOP('',(#1326,#1327,#1328,#1329));
#370=EDGE_LOOP('',(#1330,#1331,#1332,#1333));
#371=EDGE_LOOP('',(#1334));
#372=EDGE_LOOP('',(#1335,#1336,#1337,#1338));
#373=EDGE_LOOP('',(#1339,#1340,#1341,#1342));
#374=LINE('',#2080,#461);
#375=LINE('',#2086,#462);
#376=LINE('',#2092,#463);
#377=LINE('',#2098,#464);
#378=LINE('',#2104,#465);
#379=LINE('',#2110,#466);
#380=LINE('',#2116,#467);
#381=LINE('',#2122,#468);
#382=LINE('',#2128,#469);
#383=LINE('',#2134,#470);
#384=LINE('',#2140,#471);
#385=LINE('',#2146,#472);
#386=LINE('',#2152,#473);
#387=LINE('',#2158,#474);
#388=LINE('',#2164,#475);
#389=LINE('',#2170,#476);
#390=LINE('',#2176,#477);
#391=LINE('',#2182,#478);
#392=LINE('',#2188,#479);
#393=LINE('',#2194,#480);
#394=LINE('',#2200,#481);
#395=LINE('',#2206,#482);
#396=LINE('',#2212,#483);
#397=LINE('',#2218,#484);
#398=LINE('',#2224,#485);
#399=LINE('',#2230,#486);
#400=LINE('',#2236,#487);
#401=LINE('',#2242,#488);
#402=LINE('',#2248,#489);
#403=LINE('',#2254,#490);
#404=LINE('',#2260,#491);
#405=LINE('',#2266,#492);
#406=LINE('',#2272,#493);
#407=LINE('',#2278,#494);
#408=LINE('',#2284,#495);
#409=LINE('',#2290,#496);
#410=LINE('',#2296,#497);
#411=LINE('',#2302,#498);
#412=LINE('',#2308,#499);
#413=LINE('',#2314,#500);
#414=LINE('',#2320,#501);
#415=LINE('',#2326,#502);
#416=LINE('',#2332,#503);
#417=LINE('',#2338,#504);
#418=LINE('',#2344,#505);
#419=LINE('',#2350,#506);
#420=LINE('',#2356,#507);
#421=LINE('',#2362,#508);
#422=LINE('',#2368,#509);
#423=LINE('',#2374,#510);
#424=LINE('',#2382,#511);
#425=LINE('',#2386,#512);
#426=LINE('',#2388,#513);
#427=LINE('',#2390,#514);
#428=LINE('',#2391,#515);
#429=LINE('',#2394,#516);
#430=LINE('',#2396,#517);
#431=LINE('',#2397,#518);
#432=LINE('',#2400,#519);
#433=LINE('',#2402,#520);
#434=LINE('',#2403,#521);
#435=LINE('',#2405,#522);
#436=LINE('',#2406,#523);
#437=LINE('',#2410,#524);
#438=LINE('',#2412,#525);
#439=LINE('',#2414,#526);
#440=LINE('',#2415,#527);
#441=LINE('',#2418,#528);
#442=LINE('',#2420,#529);
#443=LINE('',#2421,#530);
#444=LINE('',#2424,#531);
#445=LINE('',#2426,#532);
#446=LINE('',#2427,#533);
#447=LINE('',#2429,#534);
#448=LINE('',#2430,#535);
#449=LINE('',#2436,#536);
#450=LINE('',#2438,#537);
#451=LINE('',#2440,#538);
#452=LINE('',#2441,#539);
#453=LINE('',#2444,#540);
#454=LINE('',#2446,#541);
#455=LINE('',#2447,#542);
#456=LINE('',#2450,#543);
#457=LINE('',#2452,#544);
#458=LINE('',#2453,#545);
#459=LINE('',#2455,#546);
#460=LINE('',#2456,#547);
#461=VECTOR('',#1652,0.125);
#462=VECTOR('',#1659,0.125);
#463=VECTOR('',#1666,0.125);
#464=VECTOR('',#1673,0.125);
#465=VECTOR('',#1680,0.125);
#466=VECTOR('',#1687,0.125);
#467=VECTOR('',#1694,0.125);
#468=VECTOR('',#1701,0.125);
#469=VECTOR('',#1708,0.125);
#470=VECTOR('',#1715,0.125);
#471=VECTOR('',#1722,0.125);
#472=VECTOR('',#1729,0.125);
#473=VECTOR('',#1736,0.125);
#474=VECTOR('',#1743,0.125);
#475=VECTOR('',#1750,0.125);
#476=VECTOR('',#1757,0.125);
#477=VECTOR('',#1764,0.125);
#478=VECTOR('',#1771,0.125);
#479=VECTOR('',#1778,0.125);
#480=VECTOR('',#1785,0.125);
#481=VECTOR('',#1792,0.125);
#482=VECTOR('',#1799,0.125);
#483=VECTOR('',#1806,0.125);
#484=VECTOR('',#1813,0.125);
#485=VECTOR('',#1820,0.125);
#486=VECTOR('',#1827,0.125);
#487=VECTOR('',#1834,0.125);
#488=VECTOR('',#1841,0.125);
#489=VECTOR('',#1848,0.125);
#490=VECTOR('',#1855,0.125);
#491=VECTOR('',#1862,0.125);
#492=VECTOR('',#1869,0.125);
#493=VECTOR('',#1876,0.125);
#494=VECTOR('',#1883,0.125);
#495=VECTOR('',#1890,0.125);
#496=VECTOR('',#1897,0.125);
#497=VECTOR('',#1904,0.125);
#498=VECTOR('',#1911,0.125);
#499=VECTOR('',#1918,0.125);
#500=VECTOR('',#1925,0.125);
#501=VECTOR('',#1932,0.125);
#502=VECTOR('',#1939,0.125);
#503=VECTOR('',#1946,0.125);
#504=VECTOR('',#1953,0.125);
#505=VECTOR('',#1960,0.125);
#506=VECTOR('',#1967,0.125);
#507=VECTOR('',#1974,0.125);
#508=VECTOR('',#1981,0.125);
#509=VECTOR('',#1988,0.125);
#510=VECTOR('',#1995,0.125);
#511=VECTOR('',#2006,3.025);
#512=VECTOR('',#2009,39.3700787401575);
#513=VECTOR('',#2010,0.393700787401575);
#514=VECTOR('',#2011,0.393700787401575);
#515=VECTOR('',#2012,0.393700787401575);
#516=VECTOR('',#2015,39.3700787401575);
#517=VECTOR('',#2016,0.393700787401575);
#518=VECTOR('',#2017,0.393700787401575);
#519=VECTOR('',#2020,39.3700787401575);
#520=VECTOR('',#2021,0.393700787401575);
#521=VECTOR('',#2022,0.393700787401575);
#522=VECTOR('',#2025,39.3700787401575);
#523=VECTOR('',#2026,0.393700787401575);
#524=VECTOR('',#2029,0.393700787401575);
#525=VECTOR('',#2030,0.393700787401575);
#526=VECTOR('',#2031,0.393700787401575);
#527=VECTOR('',#2032,0.393700787401575);
#528=VECTOR('',#2035,0.393700787401575);
#529=VECTOR('',#2036,0.393700787401575);
#530=VECTOR('',#2037,0.393700787401575);
#531=VECTOR('',#2040,0.393700787401575);
#532=VECTOR('',#2041,0.393700787401575);
#533=VECTOR('',#2042,0.393700787401575);
#534=VECTOR('',#2045,0.393700787401575);
#535=VECTOR('',#2046,0.393700787401575);
#536=VECTOR('',#2053,0.393700787401575);
#537=VECTOR('',#2054,0.393700787401575);
#538=VECTOR('',#2055,0.393700787401575);
#539=VECTOR('',#2056,0.393700787401575);
#540=VECTOR('',#2059,0.393700787401575);
#541=VECTOR('',#2060,0.393700787401575);
#542=VECTOR('',#2061,0.393700787401575);
#543=VECTOR('',#2064,0.393700787401575);
#544=VECTOR('',#2065,0.393700787401575);
#545=VECTOR('',#2066,0.393700787401575);
#546=VECTOR('',#2069,0.393700787401575);
#547=VECTOR('',#2070,0.393700787401575);
#548=CIRCLE('',#1477,0.125);
#549=CIRCLE('',#1478,0.125);
#550=CIRCLE('',#1480,0.125);
#551=CIRCLE('',#1481,0.125);
#552=CIRCLE('',#1483,0.125);
#553=CIRCLE('',#1484,0.125);
#554=CIRCLE('',#1486,0.125);
#555=CIRCLE('',#1487,0.125);
#556=CIRCLE('',#1489,0.125);
#557=CIRCLE('',#1490,0.125);
#558=CIRCLE('',#1492,0.125);
#559=CIRCLE('',#1493,0.125);
#560=CIRCLE('',#1495,0.125);
#561=CIRCLE('',#1496,0.125);
#562=CIRCLE('',#1498,0.125);
#563=CIRCLE('',#1499,0.125);
#564=CIRCLE('',#1501,0.125);
#565=CIRCLE('',#1502,0.125);
#566=CIRCLE('',#1504,0.125);
#567=CIRCLE('',#1505,0.125);
#568=CIRCLE('',#1507,0.125);
#569=CIRCLE('',#1508,0.125);
#570=CIRCLE('',#1510,0.125);
#571=CIRCLE('',#1511,0.125);
#572=CIRCLE('',#1513,0.125);
#573=CIRCLE('',#1514,0.125);
#574=CIRCLE('',#1516,0.125);
#575=CIRCLE('',#1517,0.125);
#576=CIRCLE('',#1519,0.125);
#577=CIRCLE('',#1520,0.125);
#578=CIRCLE('',#1522,0.125);
#579=CIRCLE('',#1523,0.125);
#580=CIRCLE('',#1525,0.125);
#581=CIRCLE('',#1526,0.125);
#582=CIRCLE('',#1528,0.125);
#583=CIRCLE('',#1529,0.125);
#584=CIRCLE('',#1531,0.125);
#585=CIRCLE('',#1532,0.125);
#586=CIRCLE('',#1534,0.125);
#587=CIRCLE('',#1535,0.125);
#588=CIRCLE('',#1537,0.125);
#589=CIRCLE('',#1538,0.125);
#590=CIRCLE('',#1540,0.125);
#591=CIRCLE('',#1541,0.125);
#592=CIRCLE('',#1543,0.125);
#593=CIRCLE('',#1544,0.125);
#594=CIRCLE('',#1546,0.125);
#595=CIRCLE('',#1547,0.125);
#596=CIRCLE('',#1549,0.125);
#597=CIRCLE('',#1550,0.125);
#598=CIRCLE('',#1552,0.125);
#599=CIRCLE('',#1553,0.125);
#600=CIRCLE('',#1555,0.125);
#601=CIRCLE('',#1556,0.125);
#602=CIRCLE('',#1558,0.125);
#603=CIRCLE('',#1559,0.125);
#604=CIRCLE('',#1561,0.125);
#605=CIRCLE('',#1562,0.125);
#606=CIRCLE('',#1564,0.125);
#607=CIRCLE('',#1565,0.125);
#608=CIRCLE('',#1567,0.125);
#609=CIRCLE('',#1568,0.125);
#610=CIRCLE('',#1570,0.125);
#611=CIRCLE('',#1571,0.125);
#612=CIRCLE('',#1573,0.125);
#613=CIRCLE('',#1574,0.125);
#614=CIRCLE('',#1576,0.125);
#615=CIRCLE('',#1577,0.125);
#616=CIRCLE('',#1579,0.125);
#617=CIRCLE('',#1580,0.125);
#618=CIRCLE('',#1582,0.125);
#619=CIRCLE('',#1583,0.125);
#620=CIRCLE('',#1585,0.125);
#621=CIRCLE('',#1586,0.125);
#622=CIRCLE('',#1588,0.125);
#623=CIRCLE('',#1589,0.125);
#624=CIRCLE('',#1591,0.125);
#625=CIRCLE('',#1592,0.125);
#626=CIRCLE('',#1594,0.125);
#627=CIRCLE('',#1595,0.125);
#628=CIRCLE('',#1597,0.125);
#629=CIRCLE('',#1598,0.125);
#630=CIRCLE('',#1600,0.125);
#631=CIRCLE('',#1601,0.125);
#632=CIRCLE('',#1603,0.125);
#633=CIRCLE('',#1604,0.125);
#634=CIRCLE('',#1606,0.125);
#635=CIRCLE('',#1607,0.125);
#636=CIRCLE('',#1609,0.125);
#637=CIRCLE('',#1610,0.125);
#638=CIRCLE('',#1612,0.125);
#639=CIRCLE('',#1613,0.125);
#640=CIRCLE('',#1615,0.125);
#641=CIRCLE('',#1616,0.125);
#642=CIRCLE('',#1618,0.125);
#643=CIRCLE('',#1619,0.125);
#644=CIRCLE('',#1621,0.125);
#645=CIRCLE('',#1622,0.125);
#646=CIRCLE('',#1624,0.125);
#647=CIRCLE('',#1625,0.125);
#648=CIRCLE('',#1627,3.025);
#649=CIRCLE('',#1629,3.025);
#650=VERTEX_POINT('',#2077);
#651=VERTEX_POINT('',#2079);
#652=VERTEX_POINT('',#2083);
#653=VERTEX_POINT('',#2085);
#654=VERTEX_POINT('',#2089);
#655=VERTEX_POINT('',#2091);
#656=VERTEX_POINT('',#2095);
#657=VERTEX_POINT('',#2097);
#658=VERTEX_POINT('',#2101);
#659=VERTEX_POINT('',#2103);
#660=VERTEX_POINT('',#2107);
#661=VERTEX_POINT('',#2109);
#662=VERTEX_POINT('',#2113);
#663=VERTEX_POINT('',#2115);
#664=VERTEX_POINT('',#2119);
#665=VERTEX_POINT('',#2121);
#666=VERTEX_POINT('',#2125);
#667=VERTEX_POINT('',#2127);
#668=VERTEX_POINT('',#2131);
#669=VERTEX_POINT('',#2133);
#670=VERTEX_POINT('',#2137);
#671=VERTEX_POINT('',#2139);
#672=VERTEX_POINT('',#2143);
#673=VERTEX_POINT('',#2145);
#674=VERTEX_POINT('',#2149);
#675=VERTEX_POINT('',#2151);
#676=VERTEX_POINT('',#2155);
#677=VERTEX_POINT('',#2157);
#678=VERTEX_POINT('',#2161);
#679=VERTEX_POINT('',#2163);
#680=VERTEX_POINT('',#2167);
#681=VERTEX_POINT('',#2169);
#682=VERTEX_POINT('',#2173);
#683=VERTEX_POINT('',#2175);
#684=VERTEX_POINT('',#2179);
#685=VERTEX_POINT('',#2181);
#686=VERTEX_POINT('',#2185);
#687=VERTEX_POINT('',#2187);
#688=VERTEX_POINT('',#2191);
#689=VERTEX_POINT('',#2193);
#690=VERTEX_POINT('',#2197);
#691=VERTEX_POINT('',#2199);
#692=VERTEX_POINT('',#2203);
#693=VERTEX_POINT('',#2205);
#694=VERTEX_POINT('',#2209);
#695=VERTEX_POINT('',#2211);
#696=VERTEX_POINT('',#2215);
#697=VERTEX_POINT('',#2217);
#698=VERTEX_POINT('',#2221);
#699=VERTEX_POINT('',#2223);
#700=VERTEX_POINT('',#2227);
#701=VERTEX_POINT('',#2229);
#702=VERTEX_POINT('',#2233);
#703=VERTEX_POINT('',#2235);
#704=VERTEX_POINT('',#2239);
#705=VERTEX_POINT('',#2241);
#706=VERTEX_POINT('',#2245);
#707=VERTEX_POINT('',#2247);
#708=VERTEX_POINT('',#2251);
#709=VERTEX_POINT('',#2253);
#710=VERTEX_POINT('',#2257);
#711=VERTEX_POINT('',#2259);
#712=VERTEX_POINT('',#2263);
#713=VERTEX_POINT('',#2265);
#714=VERTEX_POINT('',#2269);
#715=VERTEX_POINT('',#2271);
#716=VERTEX_POINT('',#2275);
#717=VERTEX_POINT('',#2277);
#718=VERTEX_POINT('',#2281);
#719=VERTEX_POINT('',#2283);
#720=VERTEX_POINT('',#2287);
#721=VERTEX_POINT('',#2289);
#722=VERTEX_POINT('',#2293);
#723=VERTEX_POINT('',#2295);
#724=VERTEX_POINT('',#2299);
#725=VERTEX_POINT('',#2301);
#726=VERTEX_POINT('',#2305);
#727=VERTEX_POINT('',#2307);
#728=VERTEX_POINT('',#2311);
#729=VERTEX_POINT('',#2313);
#730=VERTEX_POINT('',#2317);
#731=VERTEX_POINT('',#2319);
#732=VERTEX_POINT('',#2323);
#733=VERTEX_POINT('',#2325);
#734=VERTEX_POINT('',#2329);
#735=VERTEX_POINT('',#2331);
#736=VERTEX_POINT('',#2335);
#737=VERTEX_POINT('',#2337);
#738=VERTEX_POINT('',#2341);
#739=VERTEX_POINT('',#2343);
#740=VERTEX_POINT('',#2347);
#741=VERTEX_POINT('',#2349);
#742=VERTEX_POINT('',#2353);
#743=VERTEX_POINT('',#2355);
#744=VERTEX_POINT('',#2359);
#745=VERTEX_POINT('',#2361);
#746=VERTEX_POINT('',#2365);
#747=VERTEX_POINT('',#2367);
#748=VERTEX_POINT('',#2371);
#749=VERTEX_POINT('',#2373);
#750=VERTEX_POINT('',#2377);
#751=VERTEX_POINT('',#2380);
#752=VERTEX_POINT('',#2384);
#753=VERTEX_POINT('',#2385);
#754=VERTEX_POINT('',#2387);
#755=VERTEX_POINT('',#2389);
#756=VERTEX_POINT('',#2393);
#757=VERTEX_POINT('',#2395);
#758=VERTEX_POINT('',#2399);
#759=VERTEX_POINT('',#2401);
#760=VERTEX_POINT('',#2408);
#761=VERTEX_POINT('',#2409);
#762=VERTEX_POINT('',#2411);
#763=VERTEX_POINT('',#2413);
#764=VERTEX_POINT('',#2417);
#765=VERTEX_POINT('',#2419);
#766=VERTEX_POINT('',#2423);
#767=VERTEX_POINT('',#2425);
#768=VERTEX_POINT('',#2434);
#769=VERTEX_POINT('',#2435);
#770=VERTEX_POINT('',#2437);
#771=VERTEX_POINT('',#2439);
#772=VERTEX_POINT('',#2443);
#773=VERTEX_POINT('',#2445);
#774=VERTEX_POINT('',#2449);
#775=VERTEX_POINT('',#2451);
#776=EDGE_CURVE('',#650,#650,#548,.T.);
#777=EDGE_CURVE('',#650,#651,#374,.T.);
#778=EDGE_CURVE('',#651,#651,#549,.T.);
#779=EDGE_CURVE('',#652,#652,#550,.T.);
#780=EDGE_CURVE('',#652,#653,#375,.T.);
#781=EDGE_CURVE('',#653,#653,#551,.T.);
#782=EDGE_CURVE('',#654,#654,#552,.T.);
#783=EDGE_CURVE('',#654,#655,#376,.T.);
#784=EDGE_CURVE('',#655,#655,#553,.T.);
#785=EDGE_CURVE('',#656,#656,#554,.T.);
#786=EDGE_CURVE('',#656,#657,#377,.T.);
#787=EDGE_CURVE('',#657,#657,#555,.T.);
#788=EDGE_CURVE('',#658,#658,#556,.T.);
#789=EDGE_CURVE('',#658,#659,#378,.T.);
#790=EDGE_CURVE('',#659,#659,#557,.T.);
#791=EDGE_CURVE('',#660,#660,#558,.T.);
#792=EDGE_CURVE('',#660,#661,#379,.T.);
#793=EDGE_CURVE('',#661,#661,#559,.T.);
#794=EDGE_CURVE('',#662,#662,#560,.T.);
#795=EDGE_CURVE('',#662,#663,#380,.T.);
#796=EDGE_CURVE('',#663,#663,#561,.T.);
#797=EDGE_CURVE('',#664,#664,#562,.T.);
#798=EDGE_CURVE('',#664,#665,#381,.T.);
#799=EDGE_CURVE('',#665,#665,#563,.T.);
#800=EDGE_CURVE('',#666,#666,#564,.T.);
#801=EDGE_CURVE('',#666,#667,#382,.T.);
#802=EDGE_CURVE('',#667,#667,#565,.T.);
#803=EDGE_CURVE('',#668,#668,#566,.T.);
#804=EDGE_CURVE('',#668,#669,#383,.T.);
#805=EDGE_CURVE('',#669,#669,#567,.T.);
#806=EDGE_CURVE('',#670,#670,#568,.T.);
#807=EDGE_CURVE('',#670,#671,#384,.T.);
#808=EDGE_CURVE('',#671,#671,#569,.T.);
#809=EDGE_CURVE('',#672,#672,#570,.T.);
#810=EDGE_CURVE('',#672,#673,#385,.T.);
#811=EDGE_CURVE('',#673,#673,#571,.T.);
#812=EDGE_CURVE('',#674,#674,#572,.T.);
#813=EDGE_CURVE('',#674,#675,#386,.T.);
#814=EDGE_CURVE('',#675,#675,#573,.T.);
#815=EDGE_CURVE('',#676,#676,#574,.T.);
#816=EDGE_CURVE('',#676,#677,#387,.T.);
#817=EDGE_CURVE('',#677,#677,#575,.T.);
#818=EDGE_CURVE('',#678,#678,#576,.T.);
#819=EDGE_CURVE('',#678,#679,#388,.T.);
#820=EDGE_CURVE('',#679,#679,#577,.T.);
#821=EDGE_CURVE('',#680,#680,#578,.T.);
#822=EDGE_CURVE('',#680,#681,#389,.T.);
#823=EDGE_CURVE('',#681,#681,#579,.T.);
#824=EDGE_CURVE('',#682,#682,#580,.T.);
#825=EDGE_CURVE('',#682,#683,#390,.T.);
#826=EDGE_CURVE('',#683,#683,#581,.T.);
#827=EDGE_CURVE('',#684,#684,#582,.T.);
#828=EDGE_CURVE('',#684,#685,#391,.T.);
#829=EDGE_CURVE('',#685,#685,#583,.T.);
#830=EDGE_CURVE('',#686,#686,#584,.T.);
#831=EDGE_CURVE('',#686,#687,#392,.T.);
#832=EDGE_CURVE('',#687,#687,#585,.T.);
#833=EDGE_CURVE('',#688,#688,#586,.T.);
#834=EDGE_CURVE('',#688,#689,#393,.T.);
#835=EDGE_CURVE('',#689,#689,#587,.T.);
#836=EDGE_CURVE('',#690,#690,#588,.T.);
#837=EDGE_CURVE('',#690,#691,#394,.T.);
#838=EDGE_CURVE('',#691,#691,#589,.T.);
#839=EDGE_CURVE('',#692,#692,#590,.T.);
#840=EDGE_CURVE('',#692,#693,#395,.T.);
#841=EDGE_CURVE('',#693,#693,#591,.T.);
#842=EDGE_CURVE('',#694,#694,#592,.T.);
#843=EDGE_CURVE('',#694,#695,#396,.T.);
#844=EDGE_CURVE('',#695,#695,#593,.T.);
#845=EDGE_CURVE('',#696,#696,#594,.T.);
#846=EDGE_CURVE('',#696,#697,#397,.T.);
#847=EDGE_CURVE('',#697,#697,#595,.T.);
#848=EDGE_CURVE('',#698,#698,#596,.T.);
#849=EDGE_CURVE('',#698,#699,#398,.T.);
#850=EDGE_CURVE('',#699,#699,#597,.T.);
#851=EDGE_CURVE('',#700,#700,#598,.T.);
#852=EDGE_CURVE('',#700,#701,#399,.T.);
#853=EDGE_CURVE('',#701,#701,#599,.T.);
#854=EDGE_CURVE('',#702,#702,#600,.T.);
#855=EDGE_CURVE('',#702,#703,#400,.T.);
#856=EDGE_CURVE('',#703,#703,#601,.T.);
#857=EDGE_CURVE('',#704,#704,#602,.T.);
#858=EDGE_CURVE('',#704,#705,#401,.T.);
#859=EDGE_CURVE('',#705,#705,#603,.T.);
#860=EDGE_CURVE('',#706,#706,#604,.T.);
#861=EDGE_CURVE('',#706,#707,#402,.T.);
#862=EDGE_CURVE('',#707,#707,#605,.T.);
#863=EDGE_CURVE('',#708,#708,#606,.T.);
#864=EDGE_CURVE('',#708,#709,#403,.T.);
#865=EDGE_CURVE('',#709,#709,#607,.T.);
#866=EDGE_CURVE('',#710,#710,#608,.T.);
#867=EDGE_CURVE('',#710,#711,#404,.T.);
#868=EDGE_CURVE('',#711,#711,#609,.T.);
#869=EDGE_CURVE('',#712,#712,#610,.T.);
#870=EDGE_CURVE('',#712,#713,#405,.T.);
#871=EDGE_CURVE('',#713,#713,#611,.T.);
#872=EDGE_CURVE('',#714,#714,#612,.T.);
#873=EDGE_CURVE('',#714,#715,#406,.T.);
#874=EDGE_CURVE('',#715,#715,#613,.T.);
#875=EDGE_CURVE('',#716,#716,#614,.T.);
#876=EDGE_CURVE('',#716,#717,#407,.T.);
#877=EDGE_CURVE('',#717,#717,#615,.T.);
#878=EDGE_CURVE('',#718,#718,#616,.T.);
#879=EDGE_CURVE('',#718,#719,#408,.T.);
#880=EDGE_CURVE('',#719,#719,#617,.T.);
#881=EDGE_CURVE('',#720,#720,#618,.T.);
#882=EDGE_CURVE('',#720,#721,#409,.T.);
#883=EDGE_CURVE('',#721,#721,#619,.T.);
#884=EDGE_CURVE('',#722,#722,#620,.T.);
#885=EDGE_CURVE('',#722,#723,#410,.T.);
#886=EDGE_CURVE('',#723,#723,#621,.T.);
#887=EDGE_CURVE('',#724,#724,#622,.T.);
#888=EDGE_CURVE('',#724,#725,#411,.T.);
#889=EDGE_CURVE('',#725,#725,#623,.T.);
#890=EDGE_CURVE('',#726,#726,#624,.T.);
#891=EDGE_CURVE('',#726,#727,#412,.T.);
#892=EDGE_CURVE('',#727,#727,#625,.T.);
#893=EDGE_CURVE('',#728,#728,#626,.T.);
#894=EDGE_CURVE('',#728,#729,#413,.T.);
#895=EDGE_CURVE('',#729,#729,#627,.T.);
#896=EDGE_CURVE('',#730,#730,#628,.T.);
#897=EDGE_CURVE('',#730,#731,#414,.T.);
#898=EDGE_CURVE('',#731,#731,#629,.T.);
#899=EDGE_CURVE('',#732,#732,#630,.T.);
#900=EDGE_CURVE('',#732,#733,#415,.T.);
#901=EDGE_CURVE('',#733,#733,#631,.T.);
#902=EDGE_CURVE('',#734,#734,#632,.T.);
#903=EDGE_CURVE('',#734,#735,#416,.T.);
#904=EDGE_CURVE('',#735,#735,#633,.T.);
#905=EDGE_CURVE('',#736,#736,#634,.T.);
#906=EDGE_CURVE('',#736,#737,#417,.T.);
#907=EDGE_CURVE('',#737,#737,#635,.T.);
#908=EDGE_CURVE('',#738,#738,#636,.T.);
#909=EDGE_CURVE('',#738,#739,#418,.T.);
#910=EDGE_CURVE('',#739,#739,#637,.T.);
#911=EDGE_CURVE('',#740,#740,#638,.T.);
#912=EDGE_CURVE('',#740,#741,#419,.T.);
#913=EDGE_CURVE('',#741,#741,#639,.T.);
#914=EDGE_CURVE('',#742,#742,#640,.T.);
#915=EDGE_CURVE('',#742,#743,#420,.T.);
#916=EDGE_CURVE('',#743,#743,#641,.T.);
#917=EDGE_CURVE('',#744,#744,#642,.T.);
#918=EDGE_CURVE('',#744,#745,#421,.T.);
#919=EDGE_CURVE('',#745,#745,#643,.T.);
#920=EDGE_CURVE('',#746,#746,#644,.T.);
#921=EDGE_CURVE('',#746,#747,#422,.T.);
#922=EDGE_CURVE('',#747,#747,#645,.T.);
#923=EDGE_CURVE('',#748,#748,#646,.T.);
#924=EDGE_CURVE('',#748,#749,#423,.T.);
#925=EDGE_CURVE('',#749,#749,#647,.T.);
#926=EDGE_CURVE('',#750,#750,#648,.T.);
#927=EDGE_CURVE('',#751,#751,#649,.T.);
#928=EDGE_CURVE('',#751,#750,#424,.T.);
#929=EDGE_CURVE('',#752,#753,#425,.T.);
#930=EDGE_CURVE('',#754,#752,#426,.T.);
#931=EDGE_CURVE('',#754,#755,#427,.T.);
#932=EDGE_CURVE('',#755,#753,#428,.T.);
#933=EDGE_CURVE('',#752,#756,#429,.T.);
#934=EDGE_CURVE('',#757,#756,#430,.T.);
#935=EDGE_CURVE('',#757,#754,#431,.T.);
#936=EDGE_CURVE('',#753,#758,#432,.T.);
#937=EDGE_CURVE('',#755,#759,#433,.T.);
#938=EDGE_CURVE('',#759,#758,#434,.T.);
#939=EDGE_CURVE('',#756,#758,#435,.T.);
#940=EDGE_CURVE('',#759,#757,#436,.T.);
#941=EDGE_CURVE('',#760,#761,#437,.T.);
#942=EDGE_CURVE('',#760,#762,#438,.T.);
#943=EDGE_CURVE('',#763,#762,#439,.T.);
#944=EDGE_CURVE('',#761,#763,#440,.T.);
#945=EDGE_CURVE('',#761,#764,#441,.T.);
#946=EDGE_CURVE('',#765,#763,#442,.T.);
#947=EDGE_CURVE('',#764,#765,#443,.T.);
#948=EDGE_CURVE('',#764,#766,#444,.T.);
#949=EDGE_CURVE('',#767,#765,#445,.T.);
#950=EDGE_CURVE('',#766,#767,#446,.T.);
#951=EDGE_CURVE('',#766,#760,#447,.T.);
#952=EDGE_CURVE('',#762,#767,#448,.T.);
#953=EDGE_CURVE('',#768,#769,#449,.T.);
#954=EDGE_CURVE('',#768,#770,#450,.T.);
#955=EDGE_CURVE('',#771,#770,#451,.T.);
#956=EDGE_CURVE('',#769,#771,#452,.T.);
#957=EDGE_CURVE('',#769,#772,#453,.T.);
#958=EDGE_CURVE('',#773,#771,#454,.T.);
#959=EDGE_CURVE('',#772,#773,#455,.T.);
#960=EDGE_CURVE('',#772,#774,#456,.T.);
#961=EDGE_CURVE('',#775,#773,#457,.T.);
#962=EDGE_CURVE('',#774,#775,#458,.T.);
#963=EDGE_CURVE('',#774,#768,#459,.T.);
#964=EDGE_CURVE('',#770,#775,#460,.T.);
#965=ORIENTED_EDGE('',*,*,#776,.F.);
#966=ORIENTED_EDGE('',*,*,#777,.T.);
#967=ORIENTED_EDGE('',*,*,#778,.F.);
#968=ORIENTED_EDGE('',*,*,#777,.F.);
#969=ORIENTED_EDGE('',*,*,#779,.F.);
#970=ORIENTED_EDGE('',*,*,#780,.T.);
#971=ORIENTED_EDGE('',*,*,#781,.F.);
#972=ORIENTED_EDGE('',*,*,#780,.F.);
#973=ORIENTED_EDGE('',*,*,#782,.F.);
#974=ORIENTED_EDGE('',*,*,#783,.T.);
#975=ORIENTED_EDGE('',*,*,#784,.F.);
#976=ORIENTED_EDGE('',*,*,#783,.F.);
#977=ORIENTED_EDGE('',*,*,#785,.F.);
#978=ORIENTED_EDGE('',*,*,#786,.T.);
#979=ORIENTED_EDGE('',*,*,#787,.F.);
#980=ORIENTED_EDGE('',*,*,#786,.F.);
#981=ORIENTED_EDGE('',*,*,#788,.F.);
#982=ORIENTED_EDGE('',*,*,#789,.T.);
#983=ORIENTED_EDGE('',*,*,#790,.F.);
#984=ORIENTED_EDGE('',*,*,#789,.F.);
#985=ORIENTED_EDGE('',*,*,#791,.F.);
#986=ORIENTED_EDGE('',*,*,#792,.T.);
#987=ORIENTED_EDGE('',*,*,#793,.F.);
#988=ORIENTED_EDGE('',*,*,#792,.F.);
#989=ORIENTED_EDGE('',*,*,#794,.F.);
#990=ORIENTED_EDGE('',*,*,#795,.T.);
#991=ORIENTED_EDGE('',*,*,#796,.F.);
#992=ORIENTED_EDGE('',*,*,#795,.F.);
#993=ORIENTED_EDGE('',*,*,#797,.F.);
#994=ORIENTED_EDGE('',*,*,#798,.T.);
#995=ORIENTED_EDGE('',*,*,#799,.F.);
#996=ORIENTED_EDGE('',*,*,#798,.F.);
#997=ORIENTED_EDGE('',*,*,#800,.F.);
#998=ORIENTED_EDGE('',*,*,#801,.T.);
#999=ORIENTED_EDGE('',*,*,#802,.F.);
#1000=ORIENTED_EDGE('',*,*,#801,.F.);
#1001=ORIENTED_EDGE('',*,*,#803,.F.);
#1002=ORIENTED_EDGE('',*,*,#804,.T.);
#1003=ORIENTED_EDGE('',*,*,#805,.F.);
#1004=ORIENTED_EDGE('',*,*,#804,.F.);
#1005=ORIENTED_EDGE('',*,*,#806,.F.);
#1006=ORIENTED_EDGE('',*,*,#807,.T.);
#1007=ORIENTED_EDGE('',*,*,#808,.F.);
#1008=ORIENTED_EDGE('',*,*,#807,.F.);
#1009=ORIENTED_EDGE('',*,*,#809,.F.);
#1010=ORIENTED_EDGE('',*,*,#810,.T.);
#1011=ORIENTED_EDGE('',*,*,#811,.F.);
#1012=ORIENTED_EDGE('',*,*,#810,.F.);
#1013=ORIENTED_EDGE('',*,*,#812,.F.);
#1014=ORIENTED_EDGE('',*,*,#813,.T.);
#1015=ORIENTED_EDGE('',*,*,#814,.F.);
#1016=ORIENTED_EDGE('',*,*,#813,.F.);
#1017=ORIENTED_EDGE('',*,*,#815,.F.);
#1018=ORIENTED_EDGE('',*,*,#816,.T.);
#1019=ORIENTED_EDGE('',*,*,#817,.F.);
#1020=ORIENTED_EDGE('',*,*,#816,.F.);
#1021=ORIENTED_EDGE('',*,*,#818,.F.);
#1022=ORIENTED_EDGE('',*,*,#819,.T.);
#1023=ORIENTED_EDGE('',*,*,#820,.F.);
#1024=ORIENTED_EDGE('',*,*,#819,.F.);
#1025=ORIENTED_EDGE('',*,*,#821,.F.);
#1026=ORIENTED_EDGE('',*,*,#822,.T.);
#1027=ORIENTED_EDGE('',*,*,#823,.F.);
#1028=ORIENTED_EDGE('',*,*,#822,.F.);
#1029=ORIENTED_EDGE('',*,*,#824,.F.);
#1030=ORIENTED_EDGE('',*,*,#825,.T.);
#1031=ORIENTED_EDGE('',*,*,#826,.F.);
#1032=ORIENTED_EDGE('',*,*,#825,.F.);
#1033=ORIENTED_EDGE('',*,*,#827,.F.);
#1034=ORIENTED_EDGE('',*,*,#828,.T.);
#1035=ORIENTED_EDGE('',*,*,#829,.F.);
#1036=ORIENTED_EDGE('',*,*,#828,.F.);
#1037=ORIENTED_EDGE('',*,*,#830,.F.);
#1038=ORIENTED_EDGE('',*,*,#831,.T.);
#1039=ORIENTED_EDGE('',*,*,#832,.F.);
#1040=ORIENTED_EDGE('',*,*,#831,.F.);
#1041=ORIENTED_EDGE('',*,*,#833,.F.);
#1042=ORIENTED_EDGE('',*,*,#834,.T.);
#1043=ORIENTED_EDGE('',*,*,#835,.F.);
#1044=ORIENTED_EDGE('',*,*,#834,.F.);
#1045=ORIENTED_EDGE('',*,*,#836,.F.);
#1046=ORIENTED_EDGE('',*,*,#837,.T.);
#1047=ORIENTED_EDGE('',*,*,#838,.F.);
#1048=ORIENTED_EDGE('',*,*,#837,.F.);
#1049=ORIENTED_EDGE('',*,*,#839,.F.);
#1050=ORIENTED_EDGE('',*,*,#840,.T.);
#1051=ORIENTED_EDGE('',*,*,#841,.F.);
#1052=ORIENTED_EDGE('',*,*,#840,.F.);
#1053=ORIENTED_EDGE('',*,*,#842,.F.);
#1054=ORIENTED_EDGE('',*,*,#843,.T.);
#1055=ORIENTED_EDGE('',*,*,#844,.F.);
#1056=ORIENTED_EDGE('',*,*,#843,.F.);
#1057=ORIENTED_EDGE('',*,*,#845,.F.);
#1058=ORIENTED_EDGE('',*,*,#846,.T.);
#1059=ORIENTED_EDGE('',*,*,#847,.F.);
#1060=ORIENTED_EDGE('',*,*,#846,.F.);
#1061=ORIENTED_EDGE('',*,*,#848,.F.);
#1062=ORIENTED_EDGE('',*,*,#849,.T.);
#1063=ORIENTED_EDGE('',*,*,#850,.F.);
#1064=ORIENTED_EDGE('',*,*,#849,.F.);
#1065=ORIENTED_EDGE('',*,*,#851,.F.);
#1066=ORIENTED_EDGE('',*,*,#852,.T.);
#1067=ORIENTED_EDGE('',*,*,#853,.F.);
#1068=ORIENTED_EDGE('',*,*,#852,.F.);
#1069=ORIENTED_EDGE('',*,*,#854,.F.);
#1070=ORIENTED_EDGE('',*,*,#855,.T.);
#1071=ORIENTED_EDGE('',*,*,#856,.F.);
#1072=ORIENTED_EDGE('',*,*,#855,.F.);
#1073=ORIENTED_EDGE('',*,*,#857,.F.);
#1074=ORIENTED_EDGE('',*,*,#858,.T.);
#1075=ORIENTED_EDGE('',*,*,#859,.F.);
#1076=ORIENTED_EDGE('',*,*,#858,.F.);
#1077=ORIENTED_EDGE('',*,*,#860,.F.);
#1078=ORIENTED_EDGE('',*,*,#861,.T.);
#1079=ORIENTED_EDGE('',*,*,#862,.F.);
#1080=ORIENTED_EDGE('',*,*,#861,.F.);
#1081=ORIENTED_EDGE('',*,*,#863,.F.);
#1082=ORIENTED_EDGE('',*,*,#864,.T.);
#1083=ORIENTED_EDGE('',*,*,#865,.F.);
#1084=ORIENTED_EDGE('',*,*,#864,.F.);
#1085=ORIENTED_EDGE('',*,*,#866,.F.);
#1086=ORIENTED_EDGE('',*,*,#867,.T.);
#1087=ORIENTED_EDGE('',*,*,#868,.F.);
#1088=ORIENTED_EDGE('',*,*,#867,.F.);
#1089=ORIENTED_EDGE('',*,*,#869,.F.);
#1090=ORIENTED_EDGE('',*,*,#870,.T.);
#1091=ORIENTED_EDGE('',*,*,#871,.F.);
#1092=ORIENTED_EDGE('',*,*,#870,.F.);
#1093=ORIENTED_EDGE('',*,*,#872,.F.);
#1094=ORIENTED_EDGE('',*,*,#873,.T.);
#1095=ORIENTED_EDGE('',*,*,#874,.F.);
#1096=ORIENTED_EDGE('',*,*,#873,.F.);
#1097=ORIENTED_EDGE('',*,*,#875,.F.);
#1098=ORIENTED_EDGE('',*,*,#876,.T.);
#1099=ORIENTED_EDGE('',*,*,#877,.F.);
#1100=ORIENTED_EDGE('',*,*,#876,.F.);
#1101=ORIENTED_EDGE('',*,*,#878,.F.);
#1102=ORIENTED_EDGE('',*,*,#879,.T.);
#1103=ORIENTED_EDGE('',*,*,#880,.F.);
#1104=ORIENTED_EDGE('',*,*,#879,.F.);
#1105=ORIENTED_EDGE('',*,*,#881,.F.);
#1106=ORIENTED_EDGE('',*,*,#882,.T.);
#1107=ORIENTED_EDGE('',*,*,#883,.F.);
#1108=ORIENTED_EDGE('',*,*,#882,.F.);
#1109=ORIENTED_EDGE('',*,*,#884,.F.);
#1110=ORIENTED_EDGE('',*,*,#885,.T.);
#1111=ORIENTED_EDGE('',*,*,#886,.F.);
#1112=ORIENTED_EDGE('',*,*,#885,.F.);
#1113=ORIENTED_EDGE('',*,*,#887,.F.);
#1114=ORIENTED_EDGE('',*,*,#888,.T.);
#1115=ORIENTED_EDGE('',*,*,#889,.F.);
#1116=ORIENTED_EDGE('',*,*,#888,.F.);
#1117=ORIENTED_EDGE('',*,*,#890,.F.);
#1118=ORIENTED_EDGE('',*,*,#891,.T.);
#1119=ORIENTED_EDGE('',*,*,#892,.F.);
#1120=ORIENTED_EDGE('',*,*,#891,.F.);
#1121=ORIENTED_EDGE('',*,*,#893,.F.);
#1122=ORIENTED_EDGE('',*,*,#894,.T.);
#1123=ORIENTED_EDGE('',*,*,#895,.F.);
#1124=ORIENTED_EDGE('',*,*,#894,.F.);
#1125=ORIENTED_EDGE('',*,*,#896,.F.);
#1126=ORIENTED_EDGE('',*,*,#897,.T.);
#1127=ORIENTED_EDGE('',*,*,#898,.F.);
#1128=ORIENTED_EDGE('',*,*,#897,.F.);
#1129=ORIENTED_EDGE('',*,*,#899,.F.);
#1130=ORIENTED_EDGE('',*,*,#900,.T.);
#1131=ORIENTED_EDGE('',*,*,#901,.F.);
#1132=ORIENTED_EDGE('',*,*,#900,.F.);
#1133=ORIENTED_EDGE('',*,*,#902,.F.);
#1134=ORIENTED_EDGE('',*,*,#903,.T.);
#1135=ORIENTED_EDGE('',*,*,#904,.F.);
#1136=ORIENTED_EDGE('',*,*,#903,.F.);
#1137=ORIENTED_EDGE('',*,*,#905,.F.);
#1138=ORIENTED_EDGE('',*,*,#906,.T.);
#1139=ORIENTED_EDGE('',*,*,#907,.F.);
#1140=ORIENTED_EDGE('',*,*,#906,.F.);
#1141=ORIENTED_EDGE('',*,*,#908,.F.);
#1142=ORIENTED_EDGE('',*,*,#909,.T.);
#1143=ORIENTED_EDGE('',*,*,#910,.F.);
#1144=ORIENTED_EDGE('',*,*,#909,.F.);
#1145=ORIENTED_EDGE('',*,*,#911,.F.);
#1146=ORIENTED_EDGE('',*,*,#912,.T.);
#1147=ORIENTED_EDGE('',*,*,#913,.F.);
#1148=ORIENTED_EDGE('',*,*,#912,.F.);
#1149=ORIENTED_EDGE('',*,*,#914,.F.);
#1150=ORIENTED_EDGE('',*,*,#915,.T.);
#1151=ORIENTED_EDGE('',*,*,#916,.F.);
#1152=ORIENTED_EDGE('',*,*,#915,.F.);
#1153=ORIENTED_EDGE('',*,*,#917,.F.);
#1154=ORIENTED_EDGE('',*,*,#918,.T.);
#1155=ORIENTED_EDGE('',*,*,#919,.F.);
#1156=ORIENTED_EDGE('',*,*,#918,.F.);
#1157=ORIENTED_EDGE('',*,*,#920,.F.);
#1158=ORIENTED_EDGE('',*,*,#921,.T.);
#1159=ORIENTED_EDGE('',*,*,#922,.F.);
#1160=ORIENTED_EDGE('',*,*,#921,.F.);
#1161=ORIENTED_EDGE('',*,*,#923,.F.);
#1162=ORIENTED_EDGE('',*,*,#924,.T.);
#1163=ORIENTED_EDGE('',*,*,#925,.F.);
#1164=ORIENTED_EDGE('',*,*,#924,.F.);
#1165=ORIENTED_EDGE('',*,*,#926,.F.);
#1166=ORIENTED_EDGE('',*,*,#776,.T.);
#1167=ORIENTED_EDGE('',*,*,#779,.T.);
#1168=ORIENTED_EDGE('',*,*,#782,.T.);
#1169=ORIENTED_EDGE('',*,*,#785,.T.);
#1170=ORIENTED_EDGE('',*,*,#788,.T.);
#1171=ORIENTED_EDGE('',*,*,#791,.T.);
#1172=ORIENTED_EDGE('',*,*,#794,.T.);
#1173=ORIENTED_EDGE('',*,*,#797,.T.);
#1174=ORIENTED_EDGE('',*,*,#800,.T.);
#1175=ORIENTED_EDGE('',*,*,#803,.T.);
#1176=ORIENTED_EDGE('',*,*,#806,.T.);
#1177=ORIENTED_EDGE('',*,*,#809,.T.);
#1178=ORIENTED_EDGE('',*,*,#812,.T.);
#1179=ORIENTED_EDGE('',*,*,#815,.T.);
#1180=ORIENTED_EDGE('',*,*,#818,.T.);
#1181=ORIENTED_EDGE('',*,*,#821,.T.);
#1182=ORIENTED_EDGE('',*,*,#824,.T.);
#1183=ORIENTED_EDGE('',*,*,#827,.T.);
#1184=ORIENTED_EDGE('',*,*,#830,.T.);
#1185=ORIENTED_EDGE('',*,*,#833,.T.);
#1186=ORIENTED_EDGE('',*,*,#836,.T.);
#1187=ORIENTED_EDGE('',*,*,#839,.T.);
#1188=ORIENTED_EDGE('',*,*,#842,.T.);
#1189=ORIENTED_EDGE('',*,*,#845,.T.);
#1190=ORIENTED_EDGE('',*,*,#848,.T.);
#1191=ORIENTED_EDGE('',*,*,#851,.T.);
#1192=ORIENTED_EDGE('',*,*,#854,.T.);
#1193=ORIENTED_EDGE('',*,*,#857,.T.);
#1194=ORIENTED_EDGE('',*,*,#860,.T.);
#1195=ORIENTED_EDGE('',*,*,#863,.T.);
#1196=ORIENTED_EDGE('',*,*,#866,.T.);
#1197=ORIENTED_EDGE('',*,*,#869,.T.);
#1198=ORIENTED_EDGE('',*,*,#872,.T.);
#1199=ORIENTED_EDGE('',*,*,#875,.T.);
#1200=ORIENTED_EDGE('',*,*,#878,.T.);
#1201=ORIENTED_EDGE('',*,*,#881,.T.);
#1202=ORIENTED_EDGE('',*,*,#884,.T.);
#1203=ORIENTED_EDGE('',*,*,#887,.T.);
#1204=ORIENTED_EDGE('',*,*,#890,.T.);
#1205=ORIENTED_EDGE('',*,*,#893,.T.);
#1206=ORIENTED_EDGE('',*,*,#896,.T.);
#1207=ORIENTED_EDGE('',*,*,#899,.T.);
#1208=ORIENTED_EDGE('',*,*,#902,.T.);
#1209=ORIENTED_EDGE('',*,*,#905,.T.);
#1210=ORIENTED_EDGE('',*,*,#908,.T.);
#1211=ORIENTED_EDGE('',*,*,#911,.T.);
#1212=ORIENTED_EDGE('',*,*,#914,.T.);
#1213=ORIENTED_EDGE('',*,*,#917,.T.);
#1214=ORIENTED_EDGE('',*,*,#920,.T.);
#1215=ORIENTED_EDGE('',*,*,#923,.T.);
#1216=ORIENTED_EDGE('',*,*,#927,.F.);
#1217=ORIENTED_EDGE('',*,*,#928,.T.);
#1218=ORIENTED_EDGE('',*,*,#926,.T.);
#1219=ORIENTED_EDGE('',*,*,#928,.F.);
#1220=ORIENTED_EDGE('',*,*,#929,.F.);
#1221=ORIENTED_EDGE('',*,*,#930,.F.);
#1222=ORIENTED_EDGE('',*,*,#931,.T.);
#1223=ORIENTED_EDGE('',*,*,#932,.T.);
#1224=ORIENTED_EDGE('',*,*,#933,.T.);
#1225=ORIENTED_EDGE('',*,*,#934,.F.);
#1226=ORIENTED_EDGE('',*,*,#935,.T.);
#1227=ORIENTED_EDGE('',*,*,#930,.T.);
#1228=ORIENTED_EDGE('',*,*,#936,.F.);
#1229=ORIENTED_EDGE('',*,*,#932,.F.);
#1230=ORIENTED_EDGE('',*,*,#937,.T.);
#1231=ORIENTED_EDGE('',*,*,#938,.T.);
#1232=ORIENTED_EDGE('',*,*,#939,.T.);
#1233=ORIENTED_EDGE('',*,*,#938,.F.);
#1234=ORIENTED_EDGE('',*,*,#940,.T.);
#1235=ORIENTED_EDGE('',*,*,#934,.T.);
#1236=ORIENTED_EDGE('',*,*,#941,.F.);
#1237=ORIENTED_EDGE('',*,*,#942,.T.);
#1238=ORIENTED_EDGE('',*,*,#943,.F.);
#1239=ORIENTED_EDGE('',*,*,#944,.F.);
#1240=ORIENTED_EDGE('',*,*,#945,.F.);
#1241=ORIENTED_EDGE('',*,*,#944,.T.);
#1242=ORIENTED_EDGE('',*,*,#946,.F.);
#1243=ORIENTED_EDGE('',*,*,#947,.F.);
#1244=ORIENTED_EDGE('',*,*,#948,.F.);
#1245=ORIENTED_EDGE('',*,*,#947,.T.);
#1246=ORIENTED_EDGE('',*,*,#949,.F.);
#1247=ORIENTED_EDGE('',*,*,#950,.F.);
#1248=ORIENTED_EDGE('',*,*,#951,.F.);
#1249=ORIENTED_EDGE('',*,*,#950,.T.);
#1250=ORIENTED_EDGE('',*,*,#952,.F.);
#1251=ORIENTED_EDGE('',*,*,#942,.F.);
#1252=ORIENTED_EDGE('',*,*,#951,.T.);
#1253=ORIENTED_EDGE('',*,*,#941,.T.);
#1254=ORIENTED_EDGE('',*,*,#945,.T.);
#1255=ORIENTED_EDGE('',*,*,#948,.T.);
#1256=ORIENTED_EDGE('',*,*,#940,.F.);
#1257=ORIENTED_EDGE('',*,*,#937,.F.);
#1258=ORIENTED_EDGE('',*,*,#931,.F.);
#1259=ORIENTED_EDGE('',*,*,#935,.F.);
#1260=ORIENTED_EDGE('',*,*,#929,.T.);
#1261=ORIENTED_EDGE('',*,*,#936,.T.);
#1262=ORIENTED_EDGE('',*,*,#939,.F.);
#1263=ORIENTED_EDGE('',*,*,#933,.F.);
#1264=ORIENTED_EDGE('',*,*,#778,.T.);
#1265=ORIENTED_EDGE('',*,*,#781,.T.);
#1266=ORIENTED_EDGE('',*,*,#784,.T.);
#1267=ORIENTED_EDGE('',*,*,#787,.T.);
#1268=ORIENTED_EDGE('',*,*,#790,.T.);
#1269=ORIENTED_EDGE('',*,*,#793,.T.);
#1270=ORIENTED_EDGE('',*,*,#796,.T.);
#1271=ORIENTED_EDGE('',*,*,#799,.T.);
#1272=ORIENTED_EDGE('',*,*,#802,.T.);
#1273=ORIENTED_EDGE('',*,*,#805,.T.);
#1274=ORIENTED_EDGE('',*,*,#808,.T.);
#1275=ORIENTED_EDGE('',*,*,#811,.T.);
#1276=ORIENTED_EDGE('',*,*,#814,.T.);
#1277=ORIENTED_EDGE('',*,*,#817,.T.);
#1278=ORIENTED_EDGE('',*,*,#820,.T.);
#1279=ORIENTED_EDGE('',*,*,#823,.T.);
#1280=ORIENTED_EDGE('',*,*,#826,.T.);
#1281=ORIENTED_EDGE('',*,*,#829,.T.);
#1282=ORIENTED_EDGE('',*,*,#832,.T.);
#1283=ORIENTED_EDGE('',*,*,#835,.T.);
#1284=ORIENTED_EDGE('',*,*,#838,.T.);
#1285=ORIENTED_EDGE('',*,*,#841,.T.);
#1286=ORIENTED_EDGE('',*,*,#844,.T.);
#1287=ORIENTED_EDGE('',*,*,#847,.T.);
#1288=ORIENTED_EDGE('',*,*,#850,.T.);
#1289=ORIENTED_EDGE('',*,*,#853,.T.);
#1290=ORIENTED_EDGE('',*,*,#856,.T.);
#1291=ORIENTED_EDGE('',*,*,#859,.T.);
#1292=ORIENTED_EDGE('',*,*,#862,.T.);
#1293=ORIENTED_EDGE('',*,*,#865,.T.);
#1294=ORIENTED_EDGE('',*,*,#868,.T.);
#1295=ORIENTED_EDGE('',*,*,#871,.T.);
#1296=ORIENTED_EDGE('',*,*,#874,.T.);
#1297=ORIENTED_EDGE('',*,*,#877,.T.);
#1298=ORIENTED_EDGE('',*,*,#880,.T.);
#1299=ORIENTED_EDGE('',*,*,#883,.T.);
#1300=ORIENTED_EDGE('',*,*,#886,.T.);
#1301=ORIENTED_EDGE('',*,*,#889,.T.);
#1302=ORIENTED_EDGE('',*,*,#892,.T.);
#1303=ORIENTED_EDGE('',*,*,#895,.T.);
#1304=ORIENTED_EDGE('',*,*,#898,.T.);
#1305=ORIENTED_EDGE('',*,*,#901,.T.);
#1306=ORIENTED_EDGE('',*,*,#904,.T.);
#1307=ORIENTED_EDGE('',*,*,#907,.T.);
#1308=ORIENTED_EDGE('',*,*,#910,.T.);
#1309=ORIENTED_EDGE('',*,*,#913,.T.);
#1310=ORIENTED_EDGE('',*,*,#916,.T.);
#1311=ORIENTED_EDGE('',*,*,#919,.T.);
#1312=ORIENTED_EDGE('',*,*,#922,.T.);
#1313=ORIENTED_EDGE('',*,*,#925,.T.);
#1314=ORIENTED_EDGE('',*,*,#953,.F.);
#1315=ORIENTED_EDGE('',*,*,#954,.T.);
#1316=ORIENTED_EDGE('',*,*,#955,.F.);
#1317=ORIENTED_EDGE('',*,*,#956,.F.);
#1318=ORIENTED_EDGE('',*,*,#957,.F.);
#1319=ORIENTED_EDGE('',*,*,#956,.T.);
#1320=ORIENTED_EDGE('',*,*,#958,.F.);
#1321=ORIENTED_EDGE('',*,*,#959,.F.);
#1322=ORIENTED_EDGE('',*,*,#960,.F.);
#1323=ORIENTED_EDGE('',*,*,#959,.T.);
#1324=ORIENTED_EDGE('',*,*,#961,.F.);
#1325=ORIENTED_EDGE('',*,*,#962,.F.);
#1326=ORIENTED_EDGE('',*,*,#963,.F.);
#1327=ORIENTED_EDGE('',*,*,#962,.T.);
#1328=ORIENTED_EDGE('',*,*,#964,.F.);
#1329=ORIENTED_EDGE('',*,*,#954,.F.);
#1330=ORIENTED_EDGE('',*,*,#964,.T.);
#1331=ORIENTED_EDGE('',*,*,#961,.T.);
#1332=ORIENTED_EDGE('',*,*,#958,.T.);
#1333=ORIENTED_EDGE('',*,*,#955,.T.);
#1334=ORIENTED_EDGE('',*,*,#927,.T.);
#1335=ORIENTED_EDGE('',*,*,#963,.T.);
#1336=ORIENTED_EDGE('',*,*,#953,.T.);
#1337=ORIENTED_EDGE('',*,*,#957,.T.);
#1338=ORIENTED_EDGE('',*,*,#960,.T.);
#1339=ORIENTED_EDGE('',*,*,#943,.T.);
#1340=ORIENTED_EDGE('',*,*,#952,.T.);
#1341=ORIENTED_EDGE('',*,*,#949,.T.);
#1342=ORIENTED_EDGE('',*,*,#946,.T.);
#1343=CYLINDRICAL_SURFACE('',#1476,0.125);
#1344=CYLINDRICAL_SURFACE('',#1479,0.125);
#1345=CYLINDRICAL_SURFACE('',#1482,0.125);
#1346=CYLINDRICAL_SURFACE('',#1485,0.125);
#1347=CYLINDRICAL_SURFACE('',#1488,0.125);
#1348=CYLINDRICAL_SURFACE('',#1491,0.125);
#1349=CYLINDRICAL_SURFACE('',#1494,0.125);
#1350=CYLINDRICAL_SURFACE('',#1497,0.125);
#1351=CYLINDRICAL_SURFACE('',#1500,0.125);
#1352=CYLINDRICAL_SURFACE('',#1503,0.125);
#1353=CYLINDRICAL_SURFACE('',#1506,0.125);
#1354=CYLINDRICAL_SURFACE('',#1509,0.125);
#1355=CYLINDRICAL_SURFACE('',#1512,0.125);
#1356=CYLINDRICAL_SURFACE('',#1515,0.125);
#1357=CYLINDRICAL_SURFACE('',#1518,0.125);
#1358=CYLINDRICAL_SURFACE('',#1521,0.125);
#1359=CYLINDRICAL_SURFACE('',#1524,0.125);
#1360=CYLINDRICAL_SURFACE('',#1527,0.125);
#1361=CYLINDRICAL_SURFACE('',#1530,0.125);
#1362=CYLINDRICAL_SURFACE('',#1533,0.125);
#1363=CYLINDRICAL_SURFACE('',#1536,0.125);
#1364=CYLINDRICAL_SURFACE('',#1539,0.125);
#1365=CYLINDRICAL_SURFACE('',#1542,0.125);
#1366=CYLINDRICAL_SURFACE('',#1545,0.125);
#1367=CYLINDRICAL_SURFACE('',#1548,0.125);
#1368=CYLINDRICAL_SURFACE('',#1551,0.125);
#1369=CYLINDRICAL_SURFACE('',#1554,0.125);
#1370=CYLINDRICAL_SURFACE('',#1557,0.125);
#1371=CYLINDRICAL_SURFACE('',#1560,0.125);
#1372=CYLINDRICAL_SURFACE('',#1563,0.125);
#1373=CYLINDRICAL_SURFACE('',#1566,0.125);
#1374=CYLINDRICAL_SURFACE('',#1569,0.125);
#1375=CYLINDRICAL_SURFACE('',#1572,0.125);
#1376=CYLINDRICAL_SURFACE('',#1575,0.125);
#1377=CYLINDRICAL_SURFACE('',#1578,0.125);
#1378=CYLINDRICAL_SURFACE('',#1581,0.125);
#1379=CYLINDRICAL_SURFACE('',#1584,0.125);
#1380=CYLINDRICAL_SURFACE('',#1587,0.125);
#1381=CYLINDRICAL_SURFACE('',#1590,0.125);
#1382=CYLINDRICAL_SURFACE('',#1593,0.125);
#1383=CYLINDRICAL_SURFACE('',#1596,0.125);
#1384=CYLINDRICAL_SURFACE('',#1599,0.125);
#1385=CYLINDRICAL_SURFACE('',#1602,0.125);
#1386=CYLINDRICAL_SURFACE('',#1605,0.125);
#1387=CYLINDRICAL_SURFACE('',#1608,0.125);
#1388=CYLINDRICAL_SURFACE('',#1611,0.125);
#1389=CYLINDRICAL_SURFACE('',#1614,0.125);
#1390=CYLINDRICAL_SURFACE('',#1617,0.125);
#1391=CYLINDRICAL_SURFACE('',#1620,0.125);
#1392=CYLINDRICAL_SURFACE('',#1623,0.125);
#1393=CYLINDRICAL_SURFACE('',#1628,3.025);
#1394=ADVANCED_FACE('',(#135),#1343,.F.);
#1395=ADVANCED_FACE('',(#136),#1344,.F.);
#1396=ADVANCED_FACE('',(#137),#1345,.F.);
#1397=ADVANCED_FACE('',(#138),#1346,.F.);
#1398=ADVANCED_FACE('',(#139),#1347,.F.);
#1399=ADVANCED_FACE('',(#140),#1348,.F.);
#1400=ADVANCED_FACE('',(#141),#1349,.F.);
#1401=ADVANCED_FACE('',(#142),#1350,.F.);
#1402=ADVANCED_FACE('',(#143),#1351,.F.);
#1403=ADVANCED_FACE('',(#144),#1352,.F.);
#1404=ADVANCED_FACE('',(#145),#1353,.F.);
#1405=ADVANCED_FACE('',(#146),#1354,.F.);
#1406=ADVANCED_FACE('',(#147),#1355,.F.);
#1407=ADVANCED_FACE('',(#148),#1356,.F.);
#1408=ADVANCED_FACE('',(#149),#1357,.F.);
#1409=ADVANCED_FACE('',(#150),#1358,.F.);
#1410=ADVANCED_FACE('',(#151),#1359,.F.);
#1411=ADVANCED_FACE('',(#152),#1360,.F.);
#1412=ADVANCED_FACE('',(#153),#1361,.F.);
#1413=ADVANCED_FACE('',(#154),#1362,.F.);
#1414=ADVANCED_FACE('',(#155),#1363,.F.);
#1415=ADVANCED_FACE('',(#156),#1364,.F.);
#1416=ADVANCED_FACE('',(#157),#1365,.F.);
#1417=ADVANCED_FACE('',(#158),#1366,.F.);
#1418=ADVANCED_FACE('',(#159),#1367,.F.);
#1419=ADVANCED_FACE('',(#160),#1368,.F.);
#1420=ADVANCED_FACE('',(#161),#1369,.F.);
#1421=ADVANCED_FACE('',(#162),#1370,.F.);
#1422=ADVANCED_FACE('',(#163),#1371,.F.);
#1423=ADVANCED_FACE('',(#164),#1372,.F.);
#1424=ADVANCED_FACE('',(#165),#1373,.F.);
#1425=ADVANCED_FACE('',(#166),#1374,.F.);
#1426=ADVANCED_FACE('',(#167),#1375,.F.);
#1427=ADVANCED_FACE('',(#168),#1376,.F.);
#1428=ADVANCED_FACE('',(#169),#1377,.F.);
#1429=ADVANCED_FACE('',(#170),#1378,.F.);
#1430=ADVANCED_FACE('',(#171),#1379,.F.);
#1431=ADVANCED_FACE('',(#172),#1380,.F.);
#1432=ADVANCED_FACE('',(#173),#1381,.F.);
#1433=ADVANCED_FACE('',(#174),#1382,.F.);
#1434=ADVANCED_FACE('',(#175),#1383,.F.);
#1435=ADVANCED_FACE('',(#176),#1384,.F.);
#1436=ADVANCED_FACE('',(#177),#1385,.F.);
#1437=ADVANCED_FACE('',(#178),#1386,.F.);
#1438=ADVANCED_FACE('',(#179),#1387,.F.);
#1439=ADVANCED_FACE('',(#180),#1388,.F.);
#1440=ADVANCED_FACE('',(#181),#1389,.F.);
#1441=ADVANCED_FACE('',(#182),#1390,.F.);
#1442=ADVANCED_FACE('',(#183),#1391,.F.);
#1443=ADVANCED_FACE('',(#184),#1392,.F.);
#1444=ADVANCED_FACE('',(#185,#15,#16,#17,#18,#19,#20,#21,#22,#23,#24,#25,
#26,#27,#28,#29,#30,#31,#32,#33,#34,#35,#36,#37,#38,#39,#40,#41,#42,#43,
#44,#45,#46,#47,#48,#49,#50,#51,#52,#53,#54,#55,#56,#57,#58,#59,#60,#61,
#62,#63,#64),#118,.T.);
#1445=ADVANCED_FACE('',(#186),#1393,.F.);
#1446=ADVANCED_FACE('',(#187),#119,.T.);
#1447=ADVANCED_FACE('',(#188),#120,.T.);
#1448=ADVANCED_FACE('',(#189),#121,.T.);
#1449=ADVANCED_FACE('',(#190),#122,.T.);
#1450=ADVANCED_FACE('',(#191),#123,.T.);
#1451=ADVANCED_FACE('',(#192),#124,.T.);
#1452=ADVANCED_FACE('',(#193),#125,.T.);
#1453=ADVANCED_FACE('',(#194),#126,.T.);
#1454=ADVANCED_FACE('',(#195,#65),#127,.F.);
#1455=ADVANCED_FACE('',(#196,#66,#67,#68,#69,#70,#71,#72,#73,#74,#75,#76,
#77,#78,#79,#80,#81,#82,#83,#84,#85,#86,#87,#88,#89,#90,#91,#92,#93,#94,
#95,#96,#97,#98,#99,#100,#101,#102,#103,#104,#105,#106,#107,#108,#109,#110,
#111,#112,#113,#114,#115),#128,.F.);
#1456=ADVANCED_FACE('',(#197),#129,.T.);
#1457=ADVANCED_FACE('',(#198),#130,.T.);
#1458=ADVANCED_FACE('',(#199),#131,.T.);
#1459=ADVANCED_FACE('',(#200),#132,.T.);
#1460=ADVANCED_FACE('',(#201,#116),#133,.T.);
#1461=ADVANCED_FACE('',(#202,#117),#134,.F.);
#1462=CLOSED_SHELL('',(#1394,#1395,#1396,#1397,#1398,#1399,#1400,#1401,
#1402,#1403,#1404,#1405,#1406,#1407,#1408,#1409,#1410,#1411,#1412,#1413,
#1414,#1415,#1416,#1417,#1418,#1419,#1420,#1421,#1422,#1423,#1424,#1425,
#1426,#1427,#1428,#1429,#1430,#1431,#1432,#1433,#1434,#1435,#1436,#1437,
#1438,#1439,#1440,#1441,#1442,#1443,#1444,#1445,#1446,#1447,#1448,#1449,
#1450,#1451,#1452,#1453,#1454,#1455,#1456,#1457,#1458,#1459,#1460,#1461));
#1463=DERIVED_UNIT_ELEMENT(#1465,1.);
#1464=DERIVED_UNIT_ELEMENT(#2466,-3.);
#1465=(
MASS_UNIT()
NAMED_UNIT(*)
SI_UNIT(.KILO.,.GRAM.)
);
#1466=DERIVED_UNIT((#1463,#1464));
#1467=MEASURE_REPRESENTATION_ITEM('density measure',
POSITIVE_RATIO_MEASURE(7850.),#1466);
#1468=PROPERTY_DEFINITION_REPRESENTATION(#1473,#1470);
#1469=PROPERTY_DEFINITION_REPRESENTATION(#1474,#1471);
#1470=REPRESENTATION('material name',(#1472),#2461);
#1471=REPRESENTATION('density',(#1467),#2461);
#1472=DESCRIPTIVE_REPRESENTATION_ITEM('Steel','Steel');
#1473=PROPERTY_DEFINITION('material property','material name',#2474);
#1474=PROPERTY_DEFINITION('material property','density of part',#2474);
#1475=AXIS2_PLACEMENT_3D('',#2075,#1646,#1647);
#1476=AXIS2_PLACEMENT_3D('',#2076,#1648,#1649);
#1477=AXIS2_PLACEMENT_3D('',#2078,#1650,#1651);
#1478=AXIS2_PLACEMENT_3D('',#2081,#1653,#1654);
#1479=AXIS2_PLACEMENT_3D('',#2082,#1655,#1656);
#1480=AXIS2_PLACEMENT_3D('',#2084,#1657,#1658);
#1481=AXIS2_PLACEMENT_3D('',#2087,#1660,#1661);
#1482=AXIS2_PLACEMENT_3D('',#2088,#1662,#1663);
#1483=AXIS2_PLACEMENT_3D('',#2090,#1664,#1665);
#1484=AXIS2_PLACEMENT_3D('',#2093,#1667,#1668);
#1485=AXIS2_PLACEMENT_3D('',#2094,#1669,#1670);
#1486=AXIS2_PLACEMENT_3D('',#2096,#1671,#1672);
#1487=AXIS2_PLACEMENT_3D('',#2099,#1674,#1675);
#1488=AXIS2_PLACEMENT_3D('',#2100,#1676,#1677);
#1489=AXIS2_PLACEMENT_3D('',#2102,#1678,#1679);
#1490=AXIS2_PLACEMENT_3D('',#2105,#1681,#1682);
#1491=AXIS2_PLACEMENT_3D('',#2106,#1683,#1684);
#1492=AXIS2_PLACEMENT_3D('',#2108,#1685,#1686);
#1493=AXIS2_PLACEMENT_3D('',#2111,#1688,#1689);
#1494=AXIS2_PLACEMENT_3D('',#2112,#1690,#1691);
#1495=AXIS2_PLACEMENT_3D('',#2114,#1692,#1693);
#1496=AXIS2_PLACEMENT_3D('',#2117,#1695,#1696);
#1497=AXIS2_PLACEMENT_3D('',#2118,#1697,#1698);
#1498=AXIS2_PLACEMENT_3D('',#2120,#1699,#1700);
#1499=AXIS2_PLACEMENT_3D('',#2123,#1702,#1703);
#1500=AXIS2_PLACEMENT_3D('',#2124,#1704,#1705);
#1501=AXIS2_PLACEMENT_3D('',#2126,#1706,#1707);
#1502=AXIS2_PLACEMENT_3D('',#2129,#1709,#1710);
#1503=AXIS2_PLACEMENT_3D('',#2130,#1711,#1712);
#1504=AXIS2_PLACEMENT_3D('',#2132,#1713,#1714);
#1505=AXIS2_PLACEMENT_3D('',#2135,#1716,#1717);
#1506=AXIS2_PLACEMENT_3D('',#2136,#1718,#1719);
#1507=AXIS2_PLACEMENT_3D('',#2138,#1720,#1721);
#1508=AXIS2_PLACEMENT_3D('',#2141,#1723,#1724);
#1509=AXIS2_PLACEMENT_3D('',#2142,#1725,#1726);
#1510=AXIS2_PLACEMENT_3D('',#2144,#1727,#1728);
#1511=AXIS2_PLACEMENT_3D('',#2147,#1730,#1731);
#1512=AXIS2_PLACEMENT_3D('',#2148,#1732,#1733);
#1513=AXIS2_PLACEMENT_3D('',#2150,#1734,#1735);
#1514=AXIS2_PLACEMENT_3D('',#2153,#1737,#1738);
#1515=AXIS2_PLACEMENT_3D('',#2154,#1739,#1740);
#1516=AXIS2_PLACEMENT_3D('',#2156,#1741,#1742);
#1517=AXIS2_PLACEMENT_3D('',#2159,#1744,#1745);
#1518=AXIS2_PLACEMENT_3D('',#2160,#1746,#1747);
#1519=AXIS2_PLACEMENT_3D('',#2162,#1748,#1749);
#1520=AXIS2_PLACEMENT_3D('',#2165,#1751,#1752);
#1521=AXIS2_PLACEMENT_3D('',#2166,#1753,#1754);
#1522=AXIS2_PLACEMENT_3D('',#2168,#1755,#1756);
#1523=AXIS2_PLACEMENT_3D('',#2171,#1758,#1759);
#1524=AXIS2_PLACEMENT_3D('',#2172,#1760,#1761);
#1525=AXIS2_PLACEMENT_3D('',#2174,#1762,#1763);
#1526=AXIS2_PLACEMENT_3D('',#2177,#1765,#1766);
#1527=AXIS2_PLACEMENT_3D('',#2178,#1767,#1768);
#1528=AXIS2_PLACEMENT_3D('',#2180,#1769,#1770);
#1529=AXIS2_PLACEMENT_3D('',#2183,#1772,#1773);
#1530=AXIS2_PLACEMENT_3D('',#2184,#1774,#1775);
#1531=AXIS2_PLACEMENT_3D('',#2186,#1776,#1777);
#1532=AXIS2_PLACEMENT_3D('',#2189,#1779,#1780);
#1533=AXIS2_PLACEMENT_3D('',#2190,#1781,#1782);
#1534=AXIS2_PLACEMENT_3D('',#2192,#1783,#1784);
#1535=AXIS2_PLACEMENT_3D('',#2195,#1786,#1787);
#1536=AXIS2_PLACEMENT_3D('',#2196,#1788,#1789);
#1537=AXIS2_PLACEMENT_3D('',#2198,#1790,#1791);
#1538=AXIS2_PLACEMENT_3D('',#2201,#1793,#1794);
#1539=AXIS2_PLACEMENT_3D('',#2202,#1795,#1796);
#1540=AXIS2_PLACEMENT_3D('',#2204,#1797,#1798);
#1541=AXIS2_PLACEMENT_3D('',#2207,#1800,#1801);
#1542=AXIS2_PLACEMENT_3D('',#2208,#1802,#1803);
#1543=AXIS2_PLACEMENT_3D('',#2210,#1804,#1805);
#1544=AXIS2_PLACEMENT_3D('',#2213,#1807,#1808);
#1545=AXIS2_PLACEMENT_3D('',#2214,#1809,#1810);
#1546=AXIS2_PLACEMENT_3D('',#2216,#1811,#1812);
#1547=AXIS2_PLACEMENT_3D('',#2219,#1814,#1815);
#1548=AXIS2_PLACEMENT_3D('',#2220,#1816,#1817);
#1549=AXIS2_PLACEMENT_3D('',#2222,#1818,#1819);
#1550=AXIS2_PLACEMENT_3D('',#2225,#1821,#1822);
#1551=AXIS2_PLACEMENT_3D('',#2226,#1823,#1824);
#1552=AXIS2_PLACEMENT_3D('',#2228,#1825,#1826);
#1553=AXIS2_PLACEMENT_3D('',#2231,#1828,#1829);
#1554=AXIS2_PLACEMENT_3D('',#2232,#1830,#1831);
#1555=AXIS2_PLACEMENT_3D('',#2234,#1832,#1833);
#1556=AXIS2_PLACEMENT_3D('',#2237,#1835,#1836);
#1557=AXIS2_PLACEMENT_3D('',#2238,#1837,#1838);
#1558=AXIS2_PLACEMENT_3D('',#2240,#1839,#1840);
#1559=AXIS2_PLACEMENT_3D('',#2243,#1842,#1843);
#1560=AXIS2_PLACEMENT_3D('',#2244,#1844,#1845);
#1561=AXIS2_PLACEMENT_3D('',#2246,#1846,#1847);
#1562=AXIS2_PLACEMENT_3D('',#2249,#1849,#1850);
#1563=AXIS2_PLACEMENT_3D('',#2250,#1851,#1852);
#1564=AXIS2_PLACEMENT_3D('',#2252,#1853,#1854);
#1565=AXIS2_PLACEMENT_3D('',#2255,#1856,#1857);
#1566=AXIS2_PLACEMENT_3D('',#2256,#1858,#1859);
#1567=AXIS2_PLACEMENT_3D('',#2258,#1860,#1861);
#1568=AXIS2_PLACEMENT_3D('',#2261,#1863,#1864);
#1569=AXIS2_PLACEMENT_3D('',#2262,#1865,#1866);
#1570=AXIS2_PLACEMENT_3D('',#2264,#1867,#1868);
#1571=AXIS2_PLACEMENT_3D('',#2267,#1870,#1871);
#1572=AXIS2_PLACEMENT_3D('',#2268,#1872,#1873);
#1573=AXIS2_PLACEMENT_3D('',#2270,#1874,#1875);
#1574=AXIS2_PLACEMENT_3D('',#2273,#1877,#1878);
#1575=AXIS2_PLACEMENT_3D('',#2274,#1879,#1880);
#1576=AXIS2_PLACEMENT_3D('',#2276,#1881,#1882);
#1577=AXIS2_PLACEMENT_3D('',#2279,#1884,#1885);
#1578=AXIS2_PLACEMENT_3D('',#2280,#1886,#1887);
#1579=AXIS2_PLACEMENT_3D('',#2282,#1888,#1889);
#1580=AXIS2_PLACEMENT_3D('',#2285,#1891,#1892);
#1581=AXIS2_PLACEMENT_3D('',#2286,#1893,#1894);
#1582=AXIS2_PLACEMENT_3D('',#2288,#1895,#1896);
#1583=AXIS2_PLACEMENT_3D('',#2291,#1898,#1899);
#1584=AXIS2_PLACEMENT_3D('',#2292,#1900,#1901);
#1585=AXIS2_PLACEMENT_3D('',#2294,#1902,#1903);
#1586=AXIS2_PLACEMENT_3D('',#2297,#1905,#1906);
#1587=AXIS2_PLACEMENT_3D('',#2298,#1907,#1908);
#1588=AXIS2_PLACEMENT_3D('',#2300,#1909,#1910);
#1589=AXIS2_PLACEMENT_3D('',#2303,#1912,#1913);
#1590=AXIS2_PLACEMENT_3D('',#2304,#1914,#1915);
#1591=AXIS2_PLACEMENT_3D('',#2306,#1916,#1917);
#1592=AXIS2_PLACEMENT_3D('',#2309,#1919,#1920);
#1593=AXIS2_PLACEMENT_3D('',#2310,#1921,#1922);
#1594=AXIS2_PLACEMENT_3D('',#2312,#1923,#1924);
#1595=AXIS2_PLACEMENT_3D('',#2315,#1926,#1927);
#1596=AXIS2_PLACEMENT_3D('',#2316,#1928,#1929);
#1597=AXIS2_PLACEMENT_3D('',#2318,#1930,#1931);
#1598=AXIS2_PLACEMENT_3D('',#2321,#1933,#1934);
#1599=AXIS2_PLACEMENT_3D('',#2322,#1935,#1936);
#1600=AXIS2_PLACEMENT_3D('',#2324,#1937,#1938);
#1601=AXIS2_PLACEMENT_3D('',#2327,#1940,#1941);
#1602=AXIS2_PLACEMENT_3D('',#2328,#1942,#1943);
#1603=AXIS2_PLACEMENT_3D('',#2330,#1944,#1945);
#1604=AXIS2_PLACEMENT_3D('',#2333,#1947,#1948);
#1605=AXIS2_PLACEMENT_3D('',#2334,#1949,#1950);
#1606=AXIS2_PLACEMENT_3D('',#2336,#1951,#1952);
#1607=AXIS2_PLACEMENT_3D('',#2339,#1954,#1955);
#1608=AXIS2_PLACEMENT_3D('',#2340,#1956,#1957);
#1609=AXIS2_PLACEMENT_3D('',#2342,#1958,#1959);
#1610=AXIS2_PLACEMENT_3D('',#2345,#1961,#1962);
#1611=AXIS2_PLACEMENT_3D('',#2346,#1963,#1964);
#1612=AXIS2_PLACEMENT_3D('',#2348,#1965,#1966);
#1613=AXIS2_PLACEMENT_3D('',#2351,#1968,#1969);
#1614=AXIS2_PLACEMENT_3D('',#2352,#1970,#1971);
#1615=AXIS2_PLACEMENT_3D('',#2354,#1972,#1973);
#1616=AXIS2_PLACEMENT_3D('',#2357,#1975,#1976);
#1617=AXIS2_PLACEMENT_3D('',#2358,#1977,#1978);
#1618=AXIS2_PLACEMENT_3D('',#2360,#1979,#1980);
#1619=AXIS2_PLACEMENT_3D('',#2363,#1982,#1983);
#1620=AXIS2_PLACEMENT_3D('',#2364,#1984,#1985);
#1621=AXIS2_PLACEMENT_3D('',#2366,#1986,#1987);
#1622=AXIS2_PLACEMENT_3D('',#2369,#1989,#1990);
#1623=AXIS2_PLACEMENT_3D('',#2370,#1991,#1992);
#1624=AXIS2_PLACEMENT_3D('',#2372,#1993,#1994);
#1625=AXIS2_PLACEMENT_3D('',#2375,#1996,#1997);
#1626=AXIS2_PLACEMENT_3D('',#2376,#1998,#1999);
#1627=AXIS2_PLACEMENT_3D('',#2378,#2000,#2001);
#1628=AXIS2_PLACEMENT_3D('',#2379,#2002,#2003);
#1629=AXIS2_PLACEMENT_3D('',#2381,#2004,#2005);
#1630=AXIS2_PLACEMENT_3D('',#2383,#2007,#2008);
#1631=AXIS2_PLACEMENT_3D('',#2392,#2013,#2014);
#1632=AXIS2_PLACEMENT_3D('',#2398,#2018,#2019);
#1633=AXIS2_PLACEMENT_3D('',#2404,#2023,#2024);
#1634=AXIS2_PLACEMENT_3D('',#2407,#2027,#2028);
#1635=AXIS2_PLACEMENT_3D('',#2416,#2033,#2034);
#1636=AXIS2_PLACEMENT_3D('',#2422,#2038,#2039);
#1637=AXIS2_PLACEMENT_3D('',#2428,#2043,#2044);
#1638=AXIS2_PLACEMENT_3D('',#2431,#2047,#2048);
#1639=AXIS2_PLACEMENT_3D('',#2432,#2049,#2050);
#1640=AXIS2_PLACEMENT_3D('',#2433,#2051,#2052);
#1641=AXIS2_PLACEMENT_3D('',#2442,#2057,#2058);
#1642=AXIS2_PLACEMENT_3D('',#2448,#2062,#2063);
#1643=AXIS2_PLACEMENT_3D('',#2454,#2067,#2068);
#1644=AXIS2_PLACEMENT_3D('',#2457,#2071,#2072);
#1645=AXIS2_PLACEMENT_3D('',#2458,#2073,#2074);
#1646=DIRECTION('axis',(0.,0.,1.));
#1647=DIRECTION('refdir',(1.,0.,0.));
#1648=DIRECTION('center_axis',(0.,0.,-1.));
#1649=DIRECTION('ref_axis',(-1.,0.,0.));
#1650=DIRECTION('center_axis',(0.,0.,-1.));
#1651=DIRECTION('ref_axis',(-1.,0.,0.));
#1652=DIRECTION('',(0.,0.,-1.));
#1653=DIRECTION('center_axis',(0.,0.,1.));
#1654=DIRECTION('ref_axis',(-1.,0.,0.));
#1655=DIRECTION('center_axis',(0.,0.,-1.));
#1656=DIRECTION('ref_axis',(-1.,0.,0.));
#1657=DIRECTION('center_axis',(0.,0.,-1.));
#1658=DIRECTION('ref_axis',(-1.,0.,0.));
#1659=DIRECTION('',(0.,0.,-1.));
#1660=DIRECTION('center_axis',(0.,0.,1.));
#1661=DIRECTION('ref_axis',(-1.,0.,0.));
#1662=DIRECTION('center_axis',(0.,0.,-1.));
#1663=DIRECTION('ref_axis',(-1.,0.,0.));
#1664=DIRECTION('center_axis',(0.,0.,-1.));
#1665=DIRECTION('ref_axis',(-1.,0.,0.));
#1666=DIRECTION('',(0.,0.,-1.));
#1667=DIRECTION('center_axis',(0.,0.,1.));
#1668=DIRECTION('ref_axis',(-1.,0.,0.));
#1669=DIRECTION('center_axis',(0.,0.,-1.));
#1670=DIRECTION('ref_axis',(-1.,0.,0.));
#1671=DIRECTION('center_axis',(0.,0.,-1.));
#1672=DIRECTION('ref_axis',(-1.,0.,0.));
#1673=DIRECTION('',(0.,0.,-1.));
#1674=DIRECTION('center_axis',(0.,0.,1.));
#1675=DIRECTION('ref_axis',(-1.,0.,0.));
#1676=DIRECTION('center_axis',(0.,0.,-1.));
#1677=DIRECTION('ref_axis',(-1.,0.,0.));
#1678=DIRECTION('center_axis',(0.,0.,-1.));
#1679=DIRECTION('ref_axis',(-1.,0.,0.));
#1680=DIRECTION('',(0.,0.,-1.));
#1681=DIRECTION('center_axis',(0.,0.,1.));
#1682=DIRECTION('ref_axis',(-1.,0.,0.));
#1683=DIRECTION('center_axis',(0.,0.,-1.));
#1684=DIRECTION('ref_axis',(-1.,0.,0.));
#1685=DIRECTION('center_axis',(0.,0.,-1.));
#1686=DIRECTION('ref_axis',(-1.,0.,0.));
#1687=DIRECTION('',(0.,0.,-1.));
#1688=DIRECTION('center_axis',(0.,0.,1.));
#1689=DIRECTION('ref_axis',(-1.,0.,0.));
#1690=DIRECTION('center_axis',(0.,0.,-1.));
#1691=DIRECTION('ref_axis',(-1.,0.,0.));
#1692=DIRECTION('center_axis',(0.,0.,-1.));
#1693=DIRECTION('ref_axis',(-1.,0.,0.));
#1694=DIRECTION('',(0.,0.,-1.));
#1695=DIRECTION('center_axis',(0.,0.,1.));
#1696=DIRECTION('ref_axis',(-1.,0.,0.));
#1697=DIRECTION('center_axis',(0.,0.,-1.));
#1698=DIRECTION('ref_axis',(-1.,0.,0.));
#1699=DIRECTION('center_axis',(0.,0.,-1.));
#1700=DIRECTION('ref_axis',(-1.,0.,0.));
#1701=DIRECTION('',(0.,0.,-1.));
#1702=DIRECTION('center_axis',(0.,0.,1.));
#1703=DIRECTION('ref_axis',(-1.,0.,0.));
#1704=DIRECTION('center_axis',(0.,0.,-1.));
#1705=DIRECTION('ref_axis',(-1.,0.,0.));
#1706=DIRECTION('center_axis',(0.,0.,-1.));
#1707=DIRECTION('ref_axis',(-1.,0.,0.));
#1708=DIRECTION('',(0.,0.,-1.));
#1709=DIRECTION('center_axis',(0.,0.,1.));
#1710=DIRECTION('ref_axis',(-1.,0.,0.));
#1711=DIRECTION('center_axis',(0.,0.,-1.));
#1712=DIRECTION('ref_axis',(-1.,0.,0.));
#1713=DIRECTION('center_axis',(0.,0.,-1.));
#1714=DIRECTION('ref_axis',(-1.,0.,0.));
#1715=DIRECTION('',(0.,0.,-1.));
#1716=DIRECTION('center_axis',(0.,0.,1.));
#1717=DIRECTION('ref_axis',(-1.,0.,0.));
#1718=DIRECTION('center_axis',(0.,0.,-1.));
#1719=DIRECTION('ref_axis',(-1.,0.,0.));
#1720=DIRECTION('center_axis',(0.,0.,-1.));
#1721=DIRECTION('ref_axis',(-1.,0.,0.));
#1722=DIRECTION('',(0.,0.,-1.));
#1723=DIRECTION('center_axis',(0.,0.,1.));
#1724=DIRECTION('ref_axis',(-1.,0.,0.));
#1725=DIRECTION('center_axis',(0.,0.,-1.));
#1726=DIRECTION('ref_axis',(-1.,0.,0.));
#1727=DIRECTION('center_axis',(0.,0.,-1.));
#1728=DIRECTION('ref_axis',(-1.,0.,0.));
#1729=DIRECTION('',(0.,0.,-1.));
#1730=DIRECTION('center_axis',(0.,0.,1.));
#1731=DIRECTION('ref_axis',(-1.,0.,0.));
#1732=DIRECTION('center_axis',(0.,0.,-1.));
#1733=DIRECTION('ref_axis',(-1.,0.,0.));
#1734=DIRECTION('center_axis',(0.,0.,-1.));
#1735=DIRECTION('ref_axis',(-1.,0.,0.));
#1736=DIRECTION('',(0.,0.,-1.));
#1737=DIRECTION('center_axis',(0.,0.,1.));
#1738=DIRECTION('ref_axis',(-1.,0.,0.));
#1739=DIRECTION('center_axis',(0.,0.,-1.));
#1740=DIRECTION('ref_axis',(-1.,0.,0.));
#1741=DIRECTION('center_axis',(0.,0.,-1.));
#1742=DIRECTION('ref_axis',(-1.,0.,0.));
#1743=DIRECTION('',(0.,0.,-1.));
#1744=DIRECTION('center_axis',(0.,0.,1.));
#1745=DIRECTION('ref_axis',(-1.,0.,0.));
#1746=DIRECTION('center_axis',(0.,0.,-1.));
#1747=DIRECTION('ref_axis',(-1.,0.,0.));
#1748=DIRECTION('center_axis',(0.,0.,-1.));
#1749=DIRECTION('ref_axis',(-1.,0.,0.));
#1750=DIRECTION('',(0.,0.,-1.));
#1751=DIRECTION('center_axis',(0.,0.,1.));
#1752=DIRECTION('ref_axis',(-1.,0.,0.));
#1753=DIRECTION('center_axis',(0.,0.,-1.));
#1754=DIRECTION('ref_axis',(-1.,0.,0.));
#1755=DIRECTION('center_axis',(0.,0.,-1.));
#1756=DIRECTION('ref_axis',(-1.,0.,0.));
#1757=DIRECTION('',(0.,0.,-1.));
#1758=DIRECTION('center_axis',(0.,0.,1.));
#1759=DIRECTION('ref_axis',(-1.,0.,0.));
#1760=DIRECTION('center_axis',(0.,0.,-1.));
#1761=DIRECTION('ref_axis',(-1.,0.,0.));
#1762=DIRECTION('center_axis',(0.,0.,-1.));
#1763=DIRECTION('ref_axis',(-1.,0.,0.));
#1764=DIRECTION('',(0.,0.,-1.));
#1765=DIRECTION('center_axis',(0.,0.,1.));
#1766=DIRECTION('ref_axis',(-1.,0.,0.));
#1767=DIRECTION('center_axis',(0.,0.,-1.));
#1768=DIRECTION('ref_axis',(-1.,0.,0.));
#1769=DIRECTION('center_axis',(0.,0.,-1.));
#1770=DIRECTION('ref_axis',(-1.,0.,0.));
#1771=DIRECTION('',(0.,0.,-1.));
#1772=DIRECTION('center_axis',(0.,0.,1.));
#1773=DIRECTION('ref_axis',(-1.,0.,0.));
#1774=DIRECTION('center_axis',(0.,0.,-1.));
#1775=DIRECTION('ref_axis',(-1.,0.,0.));
#1776=DIRECTION('center_axis',(0.,0.,-1.));
#1777=DIRECTION('ref_axis',(-1.,0.,0.));
#1778=DIRECTION('',(0.,0.,-1.));
#1779=DIRECTION('center_axis',(0.,0.,1.));
#1780=DIRECTION('ref_axis',(-1.,0.,0.));
#1781=DIRECTION('center_axis',(0.,0.,-1.));
#1782=DIRECTION('ref_axis',(-1.,0.,0.));
#1783=DIRECTION('center_axis',(0.,0.,-1.));
#1784=DIRECTION('ref_axis',(-1.,0.,0.));
#1785=DIRECTION('',(0.,0.,-1.));
#1786=DIRECTION('center_axis',(0.,0.,1.));
#1787=DIRECTION('ref_axis',(-1.,0.,0.));
#1788=DIRECTION('center_axis',(0.,0.,-1.));
#1789=DIRECTION('ref_axis',(-1.,0.,0.));
#1790=DIRECTION('center_axis',(0.,0.,-1.));
#1791=DIRECTION('ref_axis',(-1.,0.,0.));
#1792=DIRECTION('',(0.,0.,-1.));
#1793=DIRECTION('center_axis',(0.,0.,1.));
#1794=DIRECTION('ref_axis',(-1.,0.,0.));
#1795=DIRECTION('center_axis',(0.,0.,-1.));
#1796=DIRECTION('ref_axis',(-1.,0.,0.));
#1797=DIRECTION('center_axis',(0.,0.,-1.));
#1798=DIRECTION('ref_axis',(-1.,0.,0.));
#1799=DIRECTION('',(0.,0.,-1.));
#1800=DIRECTION('center_axis',(0.,0.,1.));
#1801=DIRECTION('ref_axis',(-1.,0.,0.));
#1802=DIRECTION('center_axis',(0.,0.,-1.));
#1803=DIRECTION('ref_axis',(-1.,0.,0.));
#1804=DIRECTION('center_axis',(0.,0.,-1.));
#1805=DIRECTION('ref_axis',(-1.,0.,0.));
#1806=DIRECTION('',(0.,0.,-1.));
#1807=DIRECTION('center_axis',(0.,0.,1.));
#1808=DIRECTION('ref_axis',(-1.,0.,0.));
#1809=DIRECTION('center_axis',(0.,0.,-1.));
#1810=DIRECTION('ref_axis',(-1.,0.,0.));
#1811=DIRECTION('center_axis',(0.,0.,-1.));
#1812=DIRECTION('ref_axis',(-1.,0.,0.));
#1813=DIRECTION('',(0.,0.,-1.));
#1814=DIRECTION('center_axis',(0.,0.,1.));
#1815=DIRECTION('ref_axis',(-1.,0.,0.));
#1816=DIRECTION('center_axis',(0.,0.,-1.));
#1817=DIRECTION('ref_axis',(-1.,0.,0.));
#1818=DIRECTION('center_axis',(0.,0.,-1.));
#1819=DIRECTION('ref_axis',(-1.,0.,0.));
#1820=DIRECTION('',(0.,0.,-1.));
#1821=DIRECTION('center_axis',(0.,0.,1.));
#1822=DIRECTION('ref_axis',(-1.,0.,0.));
#1823=DIRECTION('center_axis',(0.,0.,-1.));
#1824=DIRECTION('ref_axis',(-1.,0.,0.));
#1825=DIRECTION('center_axis',(0.,0.,-1.));
#1826=DIRECTION('ref_axis',(-1.,0.,0.));
#1827=DIRECTION('',(0.,0.,-1.));
#1828=DIRECTION('center_axis',(0.,0.,1.));
#1829=DIRECTION('ref_axis',(-1.,0.,0.));
#1830=DIRECTION('center_axis',(0.,0.,-1.));
#1831=DIRECTION('ref_axis',(-1.,0.,0.));
#1832=DIRECTION('center_axis',(0.,0.,-1.));
#1833=DIRECTION('ref_axis',(-1.,0.,0.));
#1834=DIRECTION('',(0.,0.,-1.));
#1835=DIRECTION('center_axis',(0.,0.,1.));
#1836=DIRECTION('ref_axis',(-1.,0.,0.));
#1837=DIRECTION('center_axis',(0.,0.,-1.));
#1838=DIRECTION('ref_axis',(-1.,0.,0.));
#1839=DIRECTION('center_axis',(0.,0.,-1.));
#1840=DIRECTION('ref_axis',(-1.,0.,0.));
#1841=DIRECTION('',(0.,0.,-1.));
#1842=DIRECTION('center_axis',(0.,0.,1.));
#1843=DIRECTION('ref_axis',(-1.,0.,0.));
#1844=DIRECTION('center_axis',(0.,0.,-1.));
#1845=DIRECTION('ref_axis',(-1.,0.,0.));
#1846=DIRECTION('center_axis',(0.,0.,-1.));
#1847=DIRECTION('ref_axis',(-1.,0.,0.));
#1848=DIRECTION('',(0.,0.,-1.));
#1849=DIRECTION('center_axis',(0.,0.,1.));
#1850=DIRECTION('ref_axis',(-1.,0.,0.));
#1851=DIRECTION('center_axis',(0.,0.,-1.));
#1852=DIRECTION('ref_axis',(-1.,0.,0.));
#1853=DIRECTION('center_axis',(0.,0.,-1.));
#1854=DIRECTION('ref_axis',(-1.,0.,0.));
#1855=DIRECTION('',(0.,0.,-1.));
#1856=DIRECTION('center_axis',(0.,0.,1.));
#1857=DIRECTION('ref_axis',(-1.,0.,0.));
#1858=DIRECTION('center_axis',(0.,0.,-1.));
#1859=DIRECTION('ref_axis',(-1.,0.,0.));
#1860=DIRECTION('center_axis',(0.,0.,-1.));
#1861=DIRECTION('ref_axis',(-1.,0.,0.));
#1862=DIRECTION('',(0.,0.,-1.));
#1863=DIRECTION('center_axis',(0.,0.,1.));
#1864=DIRECTION('ref_axis',(-1.,0.,0.));
#1865=DIRECTION('center_axis',(0.,0.,-1.));
#1866=DIRECTION('ref_axis',(-1.,0.,0.));
#1867=DIRECTION('center_axis',(0.,0.,-1.));
#1868=DIRECTION('ref_axis',(-1.,0.,0.));
#1869=DIRECTION('',(0.,0.,-1.));
#1870=DIRECTION('center_axis',(0.,0.,1.));
#1871=DIRECTION('ref_axis',(-1.,0.,0.));
#1872=DIRECTION('center_axis',(0.,0.,-1.));
#1873=DIRECTION('ref_axis',(-1.,0.,0.));
#1874=DIRECTION('center_axis',(0.,0.,-1.));
#1875=DIRECTION('ref_axis',(-1.,0.,0.));
#1876=DIRECTION('',(0.,0.,-1.));
#1877=DIRECTION('center_axis',(0.,0.,1.));
#1878=DIRECTION('ref_axis',(-1.,0.,0.));
#1879=DIRECTION('center_axis',(0.,0.,-1.));
#1880=DIRECTION('ref_axis',(-1.,0.,0.));
#1881=DIRECTION('center_axis',(0.,0.,-1.));
#1882=DIRECTION('ref_axis',(-1.,0.,0.));
#1883=DIRECTION('',(0.,0.,-1.));
#1884=DIRECTION('center_axis',(0.,0.,1.));
#1885=DIRECTION('ref_axis',(-1.,0.,0.));
#1886=DIRECTION('center_axis',(0.,0.,-1.));
#1887=DIRECTION('ref_axis',(-1.,0.,0.));
#1888=DIRECTION('center_axis',(0.,0.,-1.));
#1889=DIRECTION('ref_axis',(-1.,0.,0.));
#1890=DIRECTION('',(0.,0.,-1.));
#1891=DIRECTION('center_axis',(0.,0.,1.));
#1892=DIRECTION('ref_axis',(-1.,0.,0.));
#1893=DIRECTION('center_axis',(0.,0.,-1.));
#1894=DIRECTION('ref_axis',(-1.,0.,0.));
#1895=DIRECTION('center_axis',(0.,0.,-1.));
#1896=DIRECTION('ref_axis',(-1.,0.,0.));
#1897=DIRECTION('',(0.,0.,-1.));
#1898=DIRECTION('center_axis',(0.,0.,1.));
#1899=DIRECTION('ref_axis',(-1.,0.,0.));
#1900=DIRECTION('center_axis',(0.,0.,-1.));
#1901=DIRECTION('ref_axis',(-1.,0.,0.));
#1902=DIRECTION('center_axis',(0.,0.,-1.));
#1903=DIRECTION('ref_axis',(-1.,0.,0.));
#1904=DIRECTION('',(0.,0.,-1.));
#1905=DIRECTION('center_axis',(0.,0.,1.));
#1906=DIRECTION('ref_axis',(-1.,0.,0.));
#1907=DIRECTION('center_axis',(0.,0.,-1.));
#1908=DIRECTION('ref_axis',(-1.,0.,0.));
#1909=DIRECTION('center_axis',(0.,0.,-1.));
#1910=DIRECTION('ref_axis',(-1.,0.,0.));
#1911=DIRECTION('',(0.,0.,-1.));
#1912=DIRECTION('center_axis',(0.,0.,1.));
#1913=DIRECTION('ref_axis',(-1.,0.,0.));
#1914=DIRECTION('center_axis',(0.,0.,-1.));
#1915=DIRECTION('ref_axis',(-1.,0.,0.));
#1916=DIRECTION('center_axis',(0.,0.,-1.));
#1917=DIRECTION('ref_axis',(-1.,0.,0.));
#1918=DIRECTION('',(0.,0.,-1.));
#1919=DIRECTION('center_axis',(0.,0.,1.));
#1920=DIRECTION('ref_axis',(-1.,0.,0.));
#1921=DIRECTION('center_axis',(0.,0.,-1.));
#1922=DIRECTION('ref_axis',(-1.,0.,0.));
#1923=DIRECTION('center_axis',(0.,0.,-1.));
#1924=DIRECTION('ref_axis',(-1.,0.,0.));
#1925=DIRECTION('',(0.,0.,-1.));
#1926=DIRECTION('center_axis',(0.,0.,1.));
#1927=DIRECTION('ref_axis',(-1.,0.,0.));
#1928=DIRECTION('center_axis',(0.,0.,-1.));
#1929=DIRECTION('ref_axis',(-1.,0.,0.));
#1930=DIRECTION('center_axis',(0.,0.,-1.));
#1931=DIRECTION('ref_axis',(-1.,0.,0.));
#1932=DIRECTION('',(0.,0.,-1.));
#1933=DIRECTION('center_axis',(0.,0.,1.));
#1934=DIRECTION('ref_axis',(-1.,0.,0.));
#1935=DIRECTION('center_axis',(0.,0.,-1.));
#1936=DIRECTION('ref_axis',(-1.,0.,0.));
#1937=DIRECTION('center_axis',(0.,0.,-1.));
#1938=DIRECTION('ref_axis',(-1.,0.,0.));
#1939=DIRECTION('',(0.,0.,-1.));
#1940=DIRECTION('center_axis',(0.,0.,1.));
#1941=DIRECTION('ref_axis',(-1.,0.,0.));
#1942=DIRECTION('center_axis',(0.,0.,-1.));
#1943=DIRECTION('ref_axis',(-1.,0.,0.));
#1944=DIRECTION('center_axis',(0.,0.,-1.));
#1945=DIRECTION('ref_axis',(-1.,0.,0.));
#1946=DIRECTION('',(0.,0.,-1.));
#1947=DIRECTION('center_axis',(0.,0.,1.));
#1948=DIRECTION('ref_axis',(-1.,0.,0.));
#1949=DIRECTION('center_axis',(0.,0.,-1.));
#1950=DIRECTION('ref_axis',(-1.,0.,0.));
#1951=DIRECTION('center_axis',(0.,0.,-1.));
#1952=DIRECTION('ref_axis',(-1.,0.,0.));
#1953=DIRECTION('',(0.,0.,-1.));
#1954=DIRECTION('center_axis',(0.,0.,1.));
#1955=DIRECTION('ref_axis',(-1.,0.,0.));
#1956=DIRECTION('center_axis',(0.,0.,-1.));
#1957=DIRECTION('ref_axis',(-1.,0.,0.));
#1958=DIRECTION('center_axis',(0.,0.,-1.));
#1959=DIRECTION('ref_axis',(-1.,0.,0.));
#1960=DIRECTION('',(0.,0.,-1.));
#1961=DIRECTION('center_axis',(0.,0.,1.));
#1962=DIRECTION('ref_axis',(-1.,0.,0.));
#1963=DIRECTION('center_axis',(0.,0.,-1.));
#1964=DIRECTION('ref_axis',(-1.,0.,0.));
#1965=DIRECTION('center_axis',(0.,0.,-1.));
#1966=DIRECTION('ref_axis',(-1.,0.,0.));
#1967=DIRECTION('',(0.,0.,-1.));
#1968=DIRECTION('center_axis',(0.,0.,1.));
#1969=DIRECTION('ref_axis',(-1.,0.,0.));
#1970=DIRECTION('center_axis',(0.,0.,-1.));
#1971=DIRECTION('ref_axis',(-1.,0.,0.));
#1972=DIRECTION('center_axis',(0.,0.,-1.));
#1973=DIRECTION('ref_axis',(-1.,0.,0.));
#1974=DIRECTION('',(0.,0.,-1.));
#1975=DIRECTION('center_axis',(0.,0.,1.));
#1976=DIRECTION('ref_axis',(-1.,0.,0.));
#1977=DIRECTION('center_axis',(0.,0.,-1.));
#1978=DIRECTION('ref_axis',(-1.,0.,0.));
#1979=DIRECTION('center_axis',(0.,0.,-1.));
#1980=DIRECTION('ref_axis',(-1.,0.,0.));
#1981=DIRECTION('',(0.,0.,-1.));
#1982=DIRECTION('center_axis',(0.,0.,1.));
#1983=DIRECTION('ref_axis',(-1.,0.,0.));
#1984=DIRECTION('center_axis',(0.,0.,-1.));
#1985=DIRECTION('ref_axis',(-1.,0.,0.));
#1986=DIRECTION('center_axis',(0.,0.,-1.));
#1987=DIRECTION('ref_axis',(-1.,0.,0.));
#1988=DIRECTION('',(0.,0.,-1.));
#1989=DIRECTION('center_axis',(0.,0.,1.));
#1990=DIRECTION('ref_axis',(-1.,0.,0.));
#1991=DIRECTION('center_axis',(0.,0.,-1.));
#1992=DIRECTION('ref_axis',(-1.,0.,0.));
#1993=DIRECTION('center_axis',(0.,0.,-1.));
#1994=DIRECTION('ref_axis',(-1.,0.,0.));
#1995=DIRECTION('',(0.,0.,-1.));
#1996=DIRECTION('center_axis',(0.,0.,1.));
#1997=DIRECTION('ref_axis',(-1.,0.,0.));
#1998=DIRECTION('center_axis',(0.,0.,1.));
#1999=DIRECTION('ref_axis',(-1.,0.,0.));
#2000=DIRECTION('center_axis',(0.,0.,-1.));
#2001=DIRECTION('ref_axis',(-1.,0.,0.));
#2002=DIRECTION('center_axis',(0.,0.,-1.));
#2003=DIRECTION('ref_axis',(-1.,0.,0.));
#2004=DIRECTION('center_axis',(0.,0.,-1.));
#2005=DIRECTION('ref_axis',(-1.,0.,0.));
#2006=DIRECTION('',(0.,0.,-1.));
#2007=DIRECTION('center_axis',(0.,1.,0.));
#2008=DIRECTION('ref_axis',(-1.,0.,0.));
#2009=DIRECTION('',(-1.,0.,0.));
#2010=DIRECTION('',(0.,0.,1.));
#2011=DIRECTION('',(-1.,0.,0.));
#2012=DIRECTION('',(0.,0.,1.));
#2013=DIRECTION('center_axis',(-1.,0.,0.));
#2014=DIRECTION('ref_axis',(0.,-1.,0.));
#2015=DIRECTION('',(1.68113722687031E-16,1.,0.));
#2016=DIRECTION('',(0.,0.,1.));
#2017=DIRECTION('',(0.,-1.,0.));
#2018=DIRECTION('center_axis',(1.,0.,0.));
#2019=DIRECTION('ref_axis',(0.,1.,0.));
#2020=DIRECTION('',(1.68113722687031E-16,1.,0.));
#2021=DIRECTION('',(0.,1.,0.));
#2022=DIRECTION('',(0.,0.,1.));
#2023=DIRECTION('center_axis',(0.,-1.,0.));
#2024=DIRECTION('ref_axis',(1.,0.,0.));
#2025=DIRECTION('',(-1.,0.,0.));
#2026=DIRECTION('',(1.,0.,0.));
#2027=DIRECTION('center_axis',(-1.,0.,0.));
#2028=DIRECTION('ref_axis',(0.,-1.,0.));
#2029=DIRECTION('',(0.,1.,0.));
#2030=DIRECTION('',(0.,0.,1.));
#2031=DIRECTION('',(0.,-1.,0.));
#2032=DIRECTION('',(0.,0.,1.));
#2033=DIRECTION('center_axis',(0.,1.,0.));
#2034=DIRECTION('ref_axis',(-1.,0.,0.));
#2035=DIRECTION('',(1.,0.,0.));
#2036=DIRECTION('',(-1.,0.,0.));
#2037=DIRECTION('',(0.,0.,1.));
#2038=DIRECTION('center_axis',(1.,0.,0.));
#2039=DIRECTION('ref_axis',(0.,1.,0.));
#2040=DIRECTION('',(0.,-1.,0.));
#2041=DIRECTION('',(0.,1.,0.));
#2042=DIRECTION('',(0.,0.,1.));
#2043=DIRECTION('center_axis',(0.,-1.,0.));
#2044=DIRECTION('ref_axis',(1.,0.,0.));
#2045=DIRECTION('',(-1.,0.,0.));
#2046=DIRECTION('',(1.,0.,0.));
#2047=DIRECTION('center_axis',(0.,0.,1.));
#2048=DIRECTION('ref_axis',(-1.,0.,0.));
#2049=DIRECTION('center_axis',(0.,0.,1.));
#2050=DIRECTION('ref_axis',(1.,0.,0.));
#2051=DIRECTION('center_axis',(-1.,0.,0.));
#2052=DIRECTION('ref_axis',(0.,-1.,0.));
#2053=DIRECTION('',(0.,1.,0.));
#2054=DIRECTION('',(0.,0.,1.));
#2055=DIRECTION('',(0.,-1.,0.));
#2056=DIRECTION('',(0.,0.,1.));
#2057=DIRECTION('center_axis',(0.,1.,0.));
#2058=DIRECTION('ref_axis',(-1.,0.,0.));
#2059=DIRECTION('',(1.,0.,0.));
#2060=DIRECTION('',(-1.,0.,0.));
#2061=DIRECTION('',(0.,0.,1.));
#2062=DIRECTION('center_axis',(1.,0.,0.));
#2063=DIRECTION('ref_axis',(0.,1.,0.));
#2064=DIRECTION('',(0.,-1.,0.));
#2065=DIRECTION('',(0.,1.,0.));
#2066=DIRECTION('',(0.,0.,1.));
#2067=DIRECTION('center_axis',(0.,-1.,0.));
#2068=DIRECTION('ref_axis',(1.,0.,0.));
#2069=DIRECTION('',(-1.,0.,0.));
#2070=DIRECTION('',(1.,0.,0.));
#2071=DIRECTION('center_axis',(0.,0.,1.));
#2072=DIRECTION('ref_axis',(1.,0.,0.));
#2073=DIRECTION('center_axis',(0.,0.,1.));
#2074=DIRECTION('ref_axis',(-1.,0.,0.));
#2075=CARTESIAN_POINT('',(0.,0.,0.));
#2076=CARTESIAN_POINT('Origin',(2.37764129073788,0.772542485937369,2.9));
#2077=CARTESIAN_POINT('',(2.50264129073788,0.772542485937369,2.9));
#2078=CARTESIAN_POINT('Origin',(2.37764129073788,0.772542485937369,2.9));
#2079=CARTESIAN_POINT('',(2.50264129073788,0.772542485937369,2.75));
#2080=CARTESIAN_POINT('',(2.50264129073788,0.772542485937369,2.9));
#2081=CARTESIAN_POINT('Origin',(2.37764129073788,0.772542485937369,2.75));
#2082=CARTESIAN_POINT('Origin',(3.06161699786838E-16,2.5,2.9));
#2083=CARTESIAN_POINT('',(0.125,2.5,2.9));
#2084=CARTESIAN_POINT('Origin',(3.06161699786838E-16,2.5,2.9));
#2085=CARTESIAN_POINT('',(0.125,2.5,2.75));
#2086=CARTESIAN_POINT('',(0.125,2.5,2.9));
#2087=CARTESIAN_POINT('Origin',(3.06161699786838E-16,2.5,2.75));
#2088=CARTESIAN_POINT('Origin',(-2.37764129073788,0.772542485937369,2.9));
#2089=CARTESIAN_POINT('',(-2.25264129073788,0.772542485937369,2.9));
#2090=CARTESIAN_POINT('Origin',(-2.37764129073788,0.772542485937369,2.9));
#2091=CARTESIAN_POINT('',(-2.25264129073788,0.772542485937369,2.75));
#2092=CARTESIAN_POINT('',(-2.25264129073788,0.772542485937369,2.9));
#2093=CARTESIAN_POINT('Origin',(-2.37764129073788,0.772542485937369,2.75));
#2094=CARTESIAN_POINT('Origin',(-1.46946313073118,-2.02254248593737,2.9));
#2095=CARTESIAN_POINT('',(-1.34446313073118,-2.02254248593737,2.9));
#2096=CARTESIAN_POINT('Origin',(-1.46946313073118,-2.02254248593737,2.9));
#2097=CARTESIAN_POINT('',(-1.34446313073118,-2.02254248593737,2.75));
#2098=CARTESIAN_POINT('',(-1.34446313073118,-2.02254248593737,2.9));
#2099=CARTESIAN_POINT('Origin',(-1.46946313073118,-2.02254248593737,2.75));
#2100=CARTESIAN_POINT('Origin',(1.46946313073118,-2.02254248593737,2.9));
#2101=CARTESIAN_POINT('',(1.59446313073118,-2.02254248593737,2.9));
#2102=CARTESIAN_POINT('Origin',(1.46946313073118,-2.02254248593737,2.9));
#2103=CARTESIAN_POINT('',(1.59446313073118,-2.02254248593737,2.75));
#2104=CARTESIAN_POINT('',(1.59446313073118,-2.02254248593737,2.9));
#2105=CARTESIAN_POINT('Origin',(1.46946313073118,-2.02254248593737,2.75));
#2106=CARTESIAN_POINT('Origin',(1.88959160119972,0.198604080208541,2.9));
#2107=CARTESIAN_POINT('',(2.01459160119972,0.198604080208541,2.9));
#2108=CARTESIAN_POINT('Origin',(1.88959160119972,0.198604080208541,2.9));
#2109=CARTESIAN_POINT('',(2.01459160119972,0.198604080208541,2.75));
#2110=CARTESIAN_POINT('',(2.01459160119972,0.198604080208541,2.9));
#2111=CARTESIAN_POINT('Origin',(1.88959160119972,0.198604080208541,2.75));
#2112=CARTESIAN_POINT('Origin',(-0.395032212553742,1.85848044139423,2.9));
#2113=CARTESIAN_POINT('',(-0.270032212553742,1.85848044139423,2.9));
#2114=CARTESIAN_POINT('Origin',(-0.395032212553742,1.85848044139423,2.9));
#2115=CARTESIAN_POINT('',(-0.270032212553742,1.85848044139423,2.75));
#2116=CARTESIAN_POINT('',(-0.270032212553742,1.85848044139423,2.9));
#2117=CARTESIAN_POINT('Origin',(-0.395032212553742,1.85848044139423,2.75));
#2118=CARTESIAN_POINT('Origin',(-1.80700738096079,-0.587132289312399,2.9));
#2119=CARTESIAN_POINT('',(-1.68200738096079,-0.587132289312399,2.9));
#2120=CARTESIAN_POINT('Origin',(-1.80700738096079,-0.587132289312399,2.9));
#2121=CARTESIAN_POINT('',(-1.68200738096079,-0.587132289312399,2.75));
#2122=CARTESIAN_POINT('',(-1.68200738096079,-0.587132289312399,2.9));
#2123=CARTESIAN_POINT('Origin',(-1.80700738096079,-0.587132289312399,2.75));
#2124=CARTESIAN_POINT('Origin',(0.77279962184402,-1.73573636952094,2.9));
#2125=CARTESIAN_POINT('',(0.89779962184402,-1.73573636952094,2.9));
#2126=CARTESIAN_POINT('Origin',(0.77279962184402,-1.73573636952094,2.9));
#2127=CARTESIAN_POINT('',(0.89779962184402,-1.73573636952094,2.75));
#2128=CARTESIAN_POINT('',(0.89779962184402,-1.73573636952094,2.9));
#2129=CARTESIAN_POINT('Origin',(0.77279962184402,-1.73573636952094,2.75));
#2130=CARTESIAN_POINT('Origin',(0.705342302750968,0.970820393249937,2.9));
#2131=CARTESIAN_POINT('',(0.830342302750968,0.970820393249937,2.9));
#2132=CARTESIAN_POINT('Origin',(0.705342302750968,0.970820393249937,2.9));
#2133=CARTESIAN_POINT('',(0.830342302750968,0.970820393249937,2.75));
#2134=CARTESIAN_POINT('',(0.830342302750968,0.970820393249937,2.9));
#2135=CARTESIAN_POINT('Origin',(0.705342302750968,0.970820393249937,2.75));
#2136=CARTESIAN_POINT('Origin',(-1.14126781955418,-0.370820393249936,2.9));
#2137=CARTESIAN_POINT('',(-1.01626781955418,-0.370820393249936,2.9));
#2138=CARTESIAN_POINT('Origin',(-1.14126781955418,-0.370820393249936,2.9));
#2139=CARTESIAN_POINT('',(-1.01626781955418,-0.370820393249936,2.75));
#2140=CARTESIAN_POINT('',(-1.01626781955418,-0.370820393249936,2.9));
#2141=CARTESIAN_POINT('Origin',(-1.14126781955418,-0.370820393249936,2.75));
#2142=CARTESIAN_POINT('Origin',(-0.293892626146237,0.404508497187474,2.9));
#2143=CARTESIAN_POINT('',(-0.168892626146237,0.404508497187474,2.9));
#2144=CARTESIAN_POINT('Origin',(-0.293892626146237,0.404508497187474,2.9));
#2145=CARTESIAN_POINT('',(-0.168892626146237,0.404508497187474,2.75));
#2146=CARTESIAN_POINT('',(-0.168892626146237,0.404508497187474,2.9));
#2147=CARTESIAN_POINT('Origin',(-0.293892626146237,0.404508497187474,2.75));
#2148=CARTESIAN_POINT('Origin',(0.,-0.5,2.9));
#2149=CARTESIAN_POINT('',(0.125,-0.5,2.9));
#2150=CARTESIAN_POINT('Origin',(0.,-0.5,2.9));
#2151=CARTESIAN_POINT('',(0.125,-0.5,2.75));
#2152=CARTESIAN_POINT('',(0.125,-0.5,2.9));
#2153=CARTESIAN_POINT('Origin',(0.,-0.5,2.75));
#2154=CARTESIAN_POINT('Origin',(-0.475528258147577,-0.154508497187474,2.9));
#2155=CARTESIAN_POINT('',(-0.350528258147577,-0.154508497187474,2.9));
#2156=CARTESIAN_POINT('Origin',(-0.475528258147577,-0.154508497187474,2.9));
#2157=CARTESIAN_POINT('',(-0.350528258147577,-0.154508497187474,2.75));
#2158=CARTESIAN_POINT('',(-0.350528258147577,-0.154508497187474,2.9));
#2159=CARTESIAN_POINT('Origin',(-0.475528258147577,-0.154508497187474,2.75));
#2160=CARTESIAN_POINT('Origin',(-1.14126781955418,0.370820393249937,2.9));
#2161=CARTESIAN_POINT('',(-1.01626781955418,0.370820393249937,2.9));
#2162=CARTESIAN_POINT('Origin',(-1.14126781955418,0.370820393249937,2.9));
#2163=CARTESIAN_POINT('',(-1.01626781955418,0.370820393249937,2.75));
#2164=CARTESIAN_POINT('',(-1.01626781955418,0.370820393249937,2.9));
#2165=CARTESIAN_POINT('Origin',(-1.14126781955418,0.370820393249937,2.75));
#2166=CARTESIAN_POINT('Origin',(1.14126781955418,0.370820393249937,2.9));
#2167=CARTESIAN_POINT('',(1.26626781955418,0.370820393249937,2.9));
#2168=CARTESIAN_POINT('Origin',(1.14126781955418,0.370820393249937,2.9));
#2169=CARTESIAN_POINT('',(1.26626781955418,0.370820393249937,2.75));
#2170=CARTESIAN_POINT('',(1.26626781955418,0.370820393249937,2.9));
#2171=CARTESIAN_POINT('Origin',(1.14126781955418,0.370820393249937,2.75));
#2172=CARTESIAN_POINT('Origin',(0.,-1.9,2.9));
#2173=CARTESIAN_POINT('',(0.125,-1.9,2.9));
#2174=CARTESIAN_POINT('Origin',(0.,-1.9,2.9));
#2175=CARTESIAN_POINT('',(0.125,-1.9,2.75));
#2176=CARTESIAN_POINT('',(0.125,-1.9,2.9));
#2177=CARTESIAN_POINT('Origin',(0.,-1.9,2.75));
#2178=CARTESIAN_POINT('Origin',(-1.88959160119972,0.198604080208543,2.9));
#2179=CARTESIAN_POINT('',(-1.76459160119972,0.198604080208543,2.9));
#2180=CARTESIAN_POINT('Origin',(-1.88959160119972,0.198604080208543,2.9));
#2181=CARTESIAN_POINT('',(-1.76459160119972,0.198604080208543,2.75));
#2182=CARTESIAN_POINT('',(-1.76459160119972,0.198604080208543,2.9));
#2183=CARTESIAN_POINT('Origin',(-1.88959160119972,0.198604080208543,2.75));
#2184=CARTESIAN_POINT('Origin',(0.395032212553743,1.85848044139423,2.9));
#2185=CARTESIAN_POINT('',(0.520032212553743,1.85848044139423,2.9));
#2186=CARTESIAN_POINT('Origin',(0.395032212553743,1.85848044139423,2.9));
#2187=CARTESIAN_POINT('',(0.520032212553743,1.85848044139423,2.75));
#2188=CARTESIAN_POINT('',(0.520032212553743,1.85848044139423,2.9));
#2189=CARTESIAN_POINT('Origin',(0.395032212553743,1.85848044139423,2.75));
#2190=CARTESIAN_POINT('Origin',(1.80700738096079,-0.5871322893124,2.9));
#2191=CARTESIAN_POINT('',(1.93200738096079,-0.5871322893124,2.9));
#2192=CARTESIAN_POINT('Origin',(1.80700738096079,-0.5871322893124,2.9));
#2193=CARTESIAN_POINT('',(1.93200738096079,-0.5871322893124,2.75));
#2194=CARTESIAN_POINT('',(1.93200738096079,-0.5871322893124,2.9));
#2195=CARTESIAN_POINT('Origin',(1.80700738096079,-0.5871322893124,2.75));
#2196=CARTESIAN_POINT('Origin',(0.772542485937369,-2.37764129073788,2.9));
#2197=CARTESIAN_POINT('',(0.897542485937369,-2.37764129073788,2.9));
#2198=CARTESIAN_POINT('Origin',(0.772542485937369,-2.37764129073788,2.9));
#2199=CARTESIAN_POINT('',(0.897542485937369,-2.37764129073788,2.75));
#2200=CARTESIAN_POINT('',(0.897542485937369,-2.37764129073788,2.9));
#2201=CARTESIAN_POINT('Origin',(0.772542485937369,-2.37764129073788,2.75));
#2202=CARTESIAN_POINT('Origin',(-2.02254248593737,-1.46946313073118,2.9));
#2203=CARTESIAN_POINT('',(-1.89754248593737,-1.46946313073118,2.9));
#2204=CARTESIAN_POINT('Origin',(-2.02254248593737,-1.46946313073118,2.9));
#2205=CARTESIAN_POINT('',(-1.89754248593737,-1.46946313073118,2.75));
#2206=CARTESIAN_POINT('',(-1.89754248593737,-1.46946313073118,2.9));
#2207=CARTESIAN_POINT('Origin',(-2.02254248593737,-1.46946313073118,2.75));
#2208=CARTESIAN_POINT('Origin',(-2.02254248593737,1.46946313073118,2.9));
#2209=CARTESIAN_POINT('',(-1.89754248593737,1.46946313073118,2.9));
#2210=CARTESIAN_POINT('Origin',(-2.02254248593737,1.46946313073118,2.9));
#2211=CARTESIAN_POINT('',(-1.89754248593737,1.46946313073118,2.75));
#2212=CARTESIAN_POINT('',(-1.89754248593737,1.46946313073118,2.9));
#2213=CARTESIAN_POINT('Origin',(-2.02254248593737,1.46946313073118,2.75));
#2214=CARTESIAN_POINT('Origin',(0.772542485937369,2.37764129073788,2.9));
#2215=CARTESIAN_POINT('',(0.897542485937369,2.37764129073788,2.9));
#2216=CARTESIAN_POINT('Origin',(0.772542485937369,2.37764129073788,2.9));
#2217=CARTESIAN_POINT('',(0.897542485937369,2.37764129073788,2.75));
#2218=CARTESIAN_POINT('',(0.897542485937369,2.37764129073788,2.9));
#2219=CARTESIAN_POINT('Origin',(0.772542485937369,2.37764129073788,2.75));
#2220=CARTESIAN_POINT('Origin',(2.5,5.55111512312578E-16,2.9));
#2221=CARTESIAN_POINT('',(2.625,5.7041959730192E-16,2.9));
#2222=CARTESIAN_POINT('Origin',(2.5,5.55111512312578E-16,2.9));
#2223=CARTESIAN_POINT('',(2.625,5.7041959730192E-16,2.75));
#2224=CARTESIAN_POINT('',(2.625,5.39803427323236E-16,2.9));
#2225=CARTESIAN_POINT('Origin',(2.5,5.55111512312578E-16,2.75));
#2226=CARTESIAN_POINT('Origin',(2.02254248593737,1.46946313073118,2.9));
#2227=CARTESIAN_POINT('',(2.14754248593737,1.46946313073118,2.9));
#2228=CARTESIAN_POINT('Origin',(2.02254248593737,1.46946313073118,2.9));
#2229=CARTESIAN_POINT('',(2.14754248593737,1.46946313073118,2.75));
#2230=CARTESIAN_POINT('',(2.14754248593737,1.46946313073118,2.9));
#2231=CARTESIAN_POINT('Origin',(2.02254248593737,1.46946313073118,2.75));
#2232=CARTESIAN_POINT('Origin',(-0.772542485937368,2.37764129073788,2.9));
#2233=CARTESIAN_POINT('',(-0.647542485937368,2.37764129073788,2.9));
#2234=CARTESIAN_POINT('Origin',(-0.772542485937368,2.37764129073788,2.9));
#2235=CARTESIAN_POINT('',(-0.647542485937368,2.37764129073788,2.75));
#2236=CARTESIAN_POINT('',(-0.647542485937368,2.37764129073788,2.9));
#2237=CARTESIAN_POINT('Origin',(-0.772542485937368,2.37764129073788,2.75));
#2238=CARTESIAN_POINT('Origin',(-2.5,5.55111512312578E-16,2.9));
#2239=CARTESIAN_POINT('',(-2.375,5.7041959730192E-16,2.9));
#2240=CARTESIAN_POINT('Origin',(-2.5,5.55111512312578E-16,2.9));
#2241=CARTESIAN_POINT('',(-2.375,5.7041959730192E-16,2.75));
#2242=CARTESIAN_POINT('',(-2.375,5.39803427323236E-16,2.9));
#2243=CARTESIAN_POINT('Origin',(-2.5,5.55111512312578E-16,2.75));
#2244=CARTESIAN_POINT('Origin',(-0.772542485937369,-2.37764129073788,2.9));
#2245=CARTESIAN_POINT('',(-0.647542485937369,-2.37764129073788,2.9));
#2246=CARTESIAN_POINT('Origin',(-0.772542485937369,-2.37764129073788,2.9));
#2247=CARTESIAN_POINT('',(-0.647542485937369,-2.37764129073788,2.75));
#2248=CARTESIAN_POINT('',(-0.647542485937369,-2.37764129073788,2.9));
#2249=CARTESIAN_POINT('Origin',(-0.772542485937369,-2.37764129073788,2.75));
#2250=CARTESIAN_POINT('Origin',(2.02254248593737,-1.46946313073118,2.9));
#2251=CARTESIAN_POINT('',(2.14754248593737,-1.46946313073118,2.9));
#2252=CARTESIAN_POINT('Origin',(2.02254248593737,-1.46946313073118,2.9));
#2253=CARTESIAN_POINT('',(2.14754248593737,-1.46946313073118,2.75));
#2254=CARTESIAN_POINT('',(2.14754248593737,-1.46946313073118,2.9));
#2255=CARTESIAN_POINT('Origin',(2.02254248593737,-1.46946313073118,2.75));
#2256=CARTESIAN_POINT('Origin',(1.64544826719043,0.95,2.9));
#2257=CARTESIAN_POINT('',(1.77044826719043,0.95,2.9));
#2258=CARTESIAN_POINT('Origin',(1.64544826719043,0.95,2.9));
#2259=CARTESIAN_POINT('',(1.77044826719043,0.95,2.75));
#2260=CARTESIAN_POINT('',(1.77044826719043,0.95,2.9));
#2261=CARTESIAN_POINT('Origin',(1.64544826719043,0.95,2.75));
#2262=CARTESIAN_POINT('Origin',(-1.1167919793557,1.5371322893124,2.9));
#2263=CARTESIAN_POINT('',(-0.991791979355699,1.5371322893124,2.9));
#2264=CARTESIAN_POINT('Origin',(-1.1167919793557,1.5371322893124,2.9));
#2265=CARTESIAN_POINT('',(-0.991791979355699,1.5371322893124,2.75));
#2266=CARTESIAN_POINT('',(-0.991791979355699,1.5371322893124,2.9));
#2267=CARTESIAN_POINT('Origin',(-1.1167919793557,1.5371322893124,2.75));
#2268=CARTESIAN_POINT('Origin',(-1.41197516840705,-1.27134815208183,2.9));
#2269=CARTESIAN_POINT('',(-1.28697516840705,-1.27134815208183,2.9));
#2270=CARTESIAN_POINT('Origin',(-1.41197516840705,-1.27134815208183,2.9));
#2271=CARTESIAN_POINT('',(-1.28697516840705,-1.27134815208183,2.75));
#2272=CARTESIAN_POINT('',(-1.28697516840705,-1.27134815208183,2.9));
#2273=CARTESIAN_POINT('Origin',(-1.41197516840705,-1.27134815208183,2.75));
#2274=CARTESIAN_POINT('Origin',(0.705342302750968,-0.970820393249937,2.9));
#2275=CARTESIAN_POINT('',(0.830342302750968,-0.970820393249937,2.9));
#2276=CARTESIAN_POINT('Origin',(0.705342302750968,-0.970820393249937,2.9));
#2277=CARTESIAN_POINT('',(0.830342302750968,-0.970820393249937,2.75));
#2278=CARTESIAN_POINT('',(0.830342302750968,-0.970820393249937,2.9));
#2279=CARTESIAN_POINT('Origin',(0.705342302750968,-0.970820393249937,2.75));
#2280=CARTESIAN_POINT('Origin',(1.46957615897682E-16,1.2,2.9));
#2281=CARTESIAN_POINT('',(0.125,1.2,2.9));
#2282=CARTESIAN_POINT('Origin',(1.46957615897682E-16,1.2,2.9));
#2283=CARTESIAN_POINT('',(0.125,1.2,2.75));
#2284=CARTESIAN_POINT('',(0.125,1.2,2.9));
#2285=CARTESIAN_POINT('Origin',(1.46957615897682E-16,1.2,2.75));
#2286=CARTESIAN_POINT('Origin',(-0.705342302750968,-0.970820393249937,2.9));
#2287=CARTESIAN_POINT('',(-0.580342302750968,-0.970820393249937,2.9));
#2288=CARTESIAN_POINT('Origin',(-0.705342302750968,-0.970820393249937,2.9));
#2289=CARTESIAN_POINT('',(-0.580342302750968,-0.970820393249937,2.75));
#2290=CARTESIAN_POINT('',(-0.580342302750968,-0.970820393249937,2.9));
#2291=CARTESIAN_POINT('Origin',(-0.705342302750968,-0.970820393249937,2.75));
#2292=CARTESIAN_POINT('Origin',(0.293892626146237,0.404508497187474,2.9));
#2293=CARTESIAN_POINT('',(0.418892626146237,0.404508497187474,2.9));
#2294=CARTESIAN_POINT('Origin',(0.293892626146237,0.404508497187474,2.9));
#2295=CARTESIAN_POINT('',(0.418892626146237,0.404508497187474,2.75));
#2296=CARTESIAN_POINT('',(0.418892626146237,0.404508497187474,2.9));
#2297=CARTESIAN_POINT('Origin',(0.293892626146237,0.404508497187474,2.75));
#2298=CARTESIAN_POINT('Origin',(0.475528258147577,-0.154508497187474,2.9));
#2299=CARTESIAN_POINT('',(0.600528258147577,-0.154508497187474,2.9));
#2300=CARTESIAN_POINT('Origin',(0.475528258147577,-0.154508497187474,2.9));
#2301=CARTESIAN_POINT('',(0.600528258147577,-0.154508497187474,2.75));
#2302=CARTESIAN_POINT('',(0.600528258147577,-0.154508497187474,2.9));
#2303=CARTESIAN_POINT('Origin',(0.475528258147577,-0.154508497187474,2.75));
#2304=CARTESIAN_POINT('Origin',(0.,-1.2,2.9));
#2305=CARTESIAN_POINT('',(0.125,-1.2,2.9));
#2306=CARTESIAN_POINT('Origin',(0.,-1.2,2.9));
#2307=CARTESIAN_POINT('',(0.125,-1.2,2.75));
#2308=CARTESIAN_POINT('',(0.125,-1.2,2.9));
#2309=CARTESIAN_POINT('Origin',(0.,-1.2,2.75));
#2310=CARTESIAN_POINT('Origin',(-0.705342302750968,0.970820393249937,2.9));
#2311=CARTESIAN_POINT('',(-0.580342302750967,0.970820393249937,2.9));
#2312=CARTESIAN_POINT('Origin',(-0.705342302750968,0.970820393249937,2.9));
#2313=CARTESIAN_POINT('',(-0.580342302750967,0.970820393249937,2.75));
#2314=CARTESIAN_POINT('',(-0.580342302750967,0.970820393249937,2.9));
#2315=CARTESIAN_POINT('Origin',(-0.705342302750968,0.970820393249937,2.75));
#2316=CARTESIAN_POINT('Origin',(1.14126781955418,-0.370820393249937,2.9));
#2317=CARTESIAN_POINT('',(1.26626781955418,-0.370820393249937,2.9));
#2318=CARTESIAN_POINT('Origin',(1.14126781955418,-0.370820393249937,2.9));
#2319=CARTESIAN_POINT('',(1.26626781955418,-0.370820393249937,2.75));
#2320=CARTESIAN_POINT('',(1.26626781955418,-0.370820393249937,2.9));
#2321=CARTESIAN_POINT('Origin',(1.14126781955418,-0.370820393249937,2.75));
#2322=CARTESIAN_POINT('Origin',(-0.772799621844022,-1.73573636952094,2.9));
#2323=CARTESIAN_POINT('',(-0.647799621844022,-1.73573636952094,2.9));
#2324=CARTESIAN_POINT('Origin',(-0.772799621844022,-1.73573636952094,2.9));
#2325=CARTESIAN_POINT('',(-0.647799621844022,-1.73573636952094,2.75));
#2326=CARTESIAN_POINT('',(-0.647799621844022,-1.73573636952094,2.9));
#2327=CARTESIAN_POINT('Origin',(-0.772799621844022,-1.73573636952094,2.75));
#2328=CARTESIAN_POINT('Origin',(-1.64544826719043,0.95,2.9));
#2329=CARTESIAN_POINT('',(-1.52044826719043,0.95,2.9));
#2330=CARTESIAN_POINT('Origin',(-1.64544826719043,0.95,2.9));
#2331=CARTESIAN_POINT('',(-1.52044826719043,0.95,2.75));
#2332=CARTESIAN_POINT('',(-1.52044826719043,0.95,2.9));
#2333=CARTESIAN_POINT('Origin',(-1.64544826719043,0.95,2.75));
#2334=CARTESIAN_POINT('Origin',(1.1167919793557,1.5371322893124,2.9));
#2335=CARTESIAN_POINT('',(1.2417919793557,1.5371322893124,2.9));
#2336=CARTESIAN_POINT('Origin',(1.1167919793557,1.5371322893124,2.9));
#2337=CARTESIAN_POINT('',(1.2417919793557,1.5371322893124,2.75));
#2338=CARTESIAN_POINT('',(1.2417919793557,1.5371322893124,2.9));
#2339=CARTESIAN_POINT('Origin',(1.1167919793557,1.5371322893124,2.75));
#2340=CARTESIAN_POINT('Origin',(1.41197516840705,-1.27134815208183,2.9));
#2341=CARTESIAN_POINT('',(1.53697516840705,-1.27134815208183,2.9));
#2342=CARTESIAN_POINT('Origin',(1.41197516840705,-1.27134815208183,2.9));
#2343=CARTESIAN_POINT('',(1.53697516840705,-1.27134815208183,2.75));
#2344=CARTESIAN_POINT('',(1.53697516840705,-1.27134815208183,2.9));
#2345=CARTESIAN_POINT('Origin',(1.41197516840705,-1.27134815208183,2.75));
#2346=CARTESIAN_POINT('Origin',(0.,-2.5,2.9));
#2347=CARTESIAN_POINT('',(0.125,-2.5,2.9));
#2348=CARTESIAN_POINT('Origin',(0.,-2.5,2.9));
#2349=CARTESIAN_POINT('',(0.125,-2.5,2.75));
#2350=CARTESIAN_POINT('',(0.125,-2.5,2.9));
#2351=CARTESIAN_POINT('Origin',(0.,-2.5,2.75));
#2352=CARTESIAN_POINT('Origin',(-2.37764129073788,-0.772542485937368,2.9));
#2353=CARTESIAN_POINT('',(-2.25264129073788,-0.772542485937368,2.9));
#2354=CARTESIAN_POINT('Origin',(-2.37764129073788,-0.772542485937368,2.9));
#2355=CARTESIAN_POINT('',(-2.25264129073788,-0.772542485937368,2.75));
#2356=CARTESIAN_POINT('',(-2.25264129073788,-0.772542485937368,2.9));
#2357=CARTESIAN_POINT('Origin',(-2.37764129073788,-0.772542485937368,2.75));
#2358=CARTESIAN_POINT('Origin',(-1.46946313073118,2.02254248593737,2.9));
#2359=CARTESIAN_POINT('',(-1.34446313073118,2.02254248593737,2.9));
#2360=CARTESIAN_POINT('Origin',(-1.46946313073118,2.02254248593737,2.9));
#2361=CARTESIAN_POINT('',(-1.34446313073118,2.02254248593737,2.75));
#2362=CARTESIAN_POINT('',(-1.34446313073118,2.02254248593737,2.9));
#2363=CARTESIAN_POINT('Origin',(-1.46946313073118,2.02254248593737,2.75));
#2364=CARTESIAN_POINT('Origin',(1.46946313073118,2.02254248593737,2.9));
#2365=CARTESIAN_POINT('',(1.59446313073118,2.02254248593737,2.9));
#2366=CARTESIAN_POINT('Origin',(1.46946313073118,2.02254248593737,2.9));
#2367=CARTESIAN_POINT('',(1.59446313073118,2.02254248593737,2.75));
#2368=CARTESIAN_POINT('',(1.59446313073118,2.02254248593737,2.9));
#2369=CARTESIAN_POINT('Origin',(1.46946313073118,2.02254248593737,2.75));
#2370=CARTESIAN_POINT('Origin',(2.37764129073788,-0.772542485937369,2.9));
#2371=CARTESIAN_POINT('',(2.50264129073788,-0.772542485937369,2.9));
#2372=CARTESIAN_POINT('Origin',(2.37764129073788,-0.772542485937369,2.9));
#2373=CARTESIAN_POINT('',(2.50264129073788,-0.772542485937369,2.75));
#2374=CARTESIAN_POINT('',(2.50264129073788,-0.772542485937369,2.9));
#2375=CARTESIAN_POINT('Origin',(2.37764129073788,-0.772542485937369,2.75));
#2376=CARTESIAN_POINT('Origin',(0.,0.,2.9));
#2377=CARTESIAN_POINT('',(3.025,3.70455656742074E-16,2.9));
#2378=CARTESIAN_POINT('Origin',(0.,0.,2.9));
#2379=CARTESIAN_POINT('Origin',(0.,0.,3.2));
#2380=CARTESIAN_POINT('',(3.025,3.70455656742074E-16,3.2));
#2381=CARTESIAN_POINT('Origin',(0.,0.,3.2));
#2382=CARTESIAN_POINT('',(3.025,-3.70455656742074E-16,3.2));
#2383=CARTESIAN_POINT('Origin',(3.25,-3.25,2.625));
#2384=CARTESIAN_POINT('',(3.25,-3.25,2.75));
#2385=CARTESIAN_POINT('',(-3.25,-3.25,2.75));
#2386=CARTESIAN_POINT('',(-5.46369598732854E-16,-3.25,2.75));
#2387=CARTESIAN_POINT('',(3.25,-3.25,2.625));
#2388=CARTESIAN_POINT('',(3.25,-3.25,2.625));
#2389=CARTESIAN_POINT('',(-3.25,-3.25,2.625));
#2390=CARTESIAN_POINT('',(3.25,-3.25,2.625));
#2391=CARTESIAN_POINT('',(-3.25,-3.25,2.625));
#2392=CARTESIAN_POINT('Origin',(3.25,3.25,2.625));
#2393=CARTESIAN_POINT('',(3.25,3.25,2.75));
#2394=CARTESIAN_POINT('',(3.25,0.,2.75));
#2395=CARTESIAN_POINT('',(3.25,3.25,2.625));
#2396=CARTESIAN_POINT('',(3.25,3.25,2.625));
#2397=CARTESIAN_POINT('',(3.25,3.25,2.625));
#2398=CARTESIAN_POINT('Origin',(-3.25,-3.25,2.625));
#2399=CARTESIAN_POINT('',(-3.25,3.25,2.75));
#2400=CARTESIAN_POINT('',(-3.25,0.,2.75));
#2401=CARTESIAN_POINT('',(-3.25,3.25,2.625));
#2402=CARTESIAN_POINT('',(-3.25,-3.25,2.625));
#2403=CARTESIAN_POINT('',(-3.25,3.25,2.625));
#2404=CARTESIAN_POINT('Origin',(-3.25,3.25,2.625));
#2405=CARTESIAN_POINT('',(5.46369598732854E-16,3.25,2.75));
#2406=CARTESIAN_POINT('',(-3.25,3.25,2.625));
#2407=CARTESIAN_POINT('Origin',(-3.375,3.375,2.625));
#2408=CARTESIAN_POINT('',(-3.375,-3.375,2.625));
#2409=CARTESIAN_POINT('',(-3.375,3.375,2.625));
#2410=CARTESIAN_POINT('',(-3.375,-3.375,2.625));
#2411=CARTESIAN_POINT('',(-3.375,-3.375,3.));
#2412=CARTESIAN_POINT('',(-3.375,-3.375,2.625));
#2413=CARTESIAN_POINT('',(-3.375,3.375,3.));
#2414=CARTESIAN_POINT('',(-3.375,1.6875,3.));
#2415=CARTESIAN_POINT('',(-3.375,3.375,2.625));
#2416=CARTESIAN_POINT('Origin',(3.375,3.375,2.625));
#2417=CARTESIAN_POINT('',(3.375,3.375,2.625));
#2418=CARTESIAN_POINT('',(-3.375,3.375,2.625));
#2419=CARTESIAN_POINT('',(3.375,3.375,3.));
#2420=CARTESIAN_POINT('',(1.6875,3.375,3.));
#2421=CARTESIAN_POINT('',(3.375,3.375,2.625));
#2422=CARTESIAN_POINT('Origin',(3.375,-3.375,2.625));
#2423=CARTESIAN_POINT('',(3.375,-3.375,2.625));
#2424=CARTESIAN_POINT('',(3.375,3.375,2.625));
#2425=CARTESIAN_POINT('',(3.375,-3.375,3.));
#2426=CARTESIAN_POINT('',(3.375,-1.6875,3.));
#2427=CARTESIAN_POINT('',(3.375,-3.375,2.625));
#2428=CARTESIAN_POINT('Origin',(-3.375,-3.375,2.625));
#2429=CARTESIAN_POINT('',(3.375,-3.375,2.625));
#2430=CARTESIAN_POINT('',(-1.6875,-3.375,3.));
#2431=CARTESIAN_POINT('Origin',(0.,0.,2.625));
#2432=CARTESIAN_POINT('Origin',(0.,0.,2.75));
#2433=CARTESIAN_POINT('Origin',(-3.5,3.5,3.));
#2434=CARTESIAN_POINT('',(-3.5,-3.5,3.));
#2435=CARTESIAN_POINT('',(-3.5,3.5,3.));
#2436=CARTESIAN_POINT('',(-3.5,-3.5,3.));
#2437=CARTESIAN_POINT('',(-3.5,-3.5,3.2));
#2438=CARTESIAN_POINT('',(-3.5,-3.5,3.));
#2439=CARTESIAN_POINT('',(-3.5,3.5,3.2));
#2440=CARTESIAN_POINT('',(-3.5,-3.5,3.2));
#2441=CARTESIAN_POINT('',(-3.5,3.5,3.));
#2442=CARTESIAN_POINT('Origin',(3.5,3.5,3.));
#2443=CARTESIAN_POINT('',(3.5,3.5,3.));
#2444=CARTESIAN_POINT('',(-3.5,3.5,3.));
#2445=CARTESIAN_POINT('',(3.5,3.5,3.2));
#2446=CARTESIAN_POINT('',(-3.5,3.5,3.2));
#2447=CARTESIAN_POINT('',(3.5,3.5,3.));
#2448=CARTESIAN_POINT('Origin',(3.5,-3.5,3.));
#2449=CARTESIAN_POINT('',(3.5,-3.5,3.));
#2450=CARTESIAN_POINT('',(3.5,3.5,3.));
#2451=CARTESIAN_POINT('',(3.5,-3.5,3.2));
#2452=CARTESIAN_POINT('',(3.5,3.5,3.2));
#2453=CARTESIAN_POINT('',(3.5,-3.5,3.));
#2454=CARTESIAN_POINT('Origin',(-3.5,-3.5,3.));
#2455=CARTESIAN_POINT('',(3.5,-3.5,3.));
#2456=CARTESIAN_POINT('',(3.5,-3.5,3.2));
#2457=CARTESIAN_POINT('Origin',(0.,0.,3.2));
#2458=CARTESIAN_POINT('Origin',(0.,0.,3.));
#2459=UNCERTAINTY_MEASURE_WITH_UNIT(LENGTH_MEASURE(0.000393700787401575),
#2464,'DISTANCE_ACCURACY_VALUE',
'Maximum model space distance between geometric entities at asserted c
onnectivities');
#2460=UNCERTAINTY_MEASURE_WITH_UNIT(LENGTH_MEASURE(0.000393700787401575),
#2464,'DISTANCE_ACCURACY_VALUE',
'Maximum model space distance between geometric entities at asserted c
onnectivities');
#2461=(
GEOMETRIC_REPRESENTATION_CONTEXT(3)
GLOBAL_UNCERTAINTY_ASSIGNED_CONTEXT((#2459))
GLOBAL_UNIT_ASSIGNED_CONTEXT((#2464,#2468,#2469))
REPRESENTATION_CONTEXT('','3D')
);
#2462=(
GEOMETRIC_REPRESENTATION_CONTEXT(3)
GLOBAL_UNCERTAINTY_ASSIGNED_CONTEXT((#2460))
GLOBAL_UNIT_ASSIGNED_CONTEXT((#2464,#2468,#2469))
REPRESENTATION_CONTEXT('','3D')
);
#2463=DIMENSIONAL_EXPONENTS(1.,0.,0.,0.,0.,0.,0.);
#2464=(
CONVERSION_BASED_UNIT('inch',#2467)
LENGTH_UNIT()
NAMED_UNIT(#2463)
);
#2465=(
LENGTH_UNIT()
NAMED_UNIT(*)
SI_UNIT(.MILLI.,.METRE.)
);
#2466=(
LENGTH_UNIT()
NAMED_UNIT(*)
SI_UNIT($,.METRE.)
);
#2467=LENGTH_MEASURE_WITH_UNIT(LENGTH_MEASURE(25.4),#2465);
#2468=(
NAMED_UNIT(*)
PLANE_ANGLE_UNIT()
SI_UNIT($,.RADIAN.)
);
#2469=(
NAMED_UNIT(*)
SI_UNIT($,.STERADIAN.)
SOLID_ANGLE_UNIT()
);
#2470=SHAPE_DEFINITION_REPRESENTATION(#2471,#2472);
#2471=PRODUCT_DEFINITION_SHAPE('',$,#2474);
#2472=SHAPE_REPRESENTATION('',(#1475),#2461);
#2473=PRODUCT_DEFINITION_CONTEXT('part definition',#2478,'design');
#2474=PRODUCT_DEFINITION('2026-04-03-01-07-59-249','Reservoir Lid',#2475,
#2473);
#2475=PRODUCT_DEFINITION_FORMATION('',$,#2480);
#2476=PRODUCT_RELATED_PRODUCT_CATEGORY('Reservoir Lid','Reservoir Lid',
(#2480));
#2477=APPLICATION_PROTOCOL_DEFINITION('international standard',
'automotive_design',2009,#2478);
#2478=APPLICATION_CONTEXT(
'Core Data for Automotive Mechanical Design Process');
#2479=PRODUCT_CONTEXT('part definition',#2478,'mechanical');
#2480=PRODUCT('2026-04-03-01-07-59-249','Reservoir Lid',
'STEP AP242 Edition 2',(#2479));
#2481=PRESENTATION_STYLE_ASSIGNMENT((#2482));
#2482=SURFACE_STYLE_USAGE(.BOTH.,#2483);
#2483=SURFACE_SIDE_STYLE('',(#2484));
#2484=SURFACE_STYLE_FILL_AREA(#2485);
#2485=FILL_AREA_STYLE('Steel - Satin',(#2486));
#2486=FILL_AREA_STYLE_COLOUR('Steel - Satin',#2487);
#2487=COLOUR_RGB('Steel - Satin',0.627450980392157,0.627450980392157,0.627450980392157);
ENDSEC;
END-ISO-10303-21;
